0,17,15,261,14,14,12,11,19,11,12,15,19,12,12,12,12,10,19,9,11,18,18,19,21,12,12,12,21,268,12,12,12,12,9,12,12,10,8,9,17,12,18,18,9,11,17,12,18,11,10,21,11,35,10,13,17,10,17,11,11,15,9,8,55,11,9,17,13,13,12,11,9,9,17,8,9,19,168,15,228,11,11,11,9,12,13,12,11,9,11,18,16,10,9,8,25,25,11,11,12,8,13,10,13,17,19,17,9,17,18,19,15,19,21,25,18,11,15,11,11,11,12,10,14,29,8,8,11,11,17,13,12,13,9,12,21,11,11,10,10,11,25,12,10,11,11,18,12,11,9,15,11,11,12,12,15,19,12,12,12,9,57,17,19,11,11,21,21,13,30,12,19
17,0,15,12,24,14,322,16,17,10,304,10,17,11,16,14,11,17,17,61,8,10,21,17,14,14,12,13,10,12,12,11,13,13,13,9,21,16,13,21,13,13,10,14,17,14,12,18,13,14,12,10,17,12,16,14,11,16,16,16,12,15,17,17,17,11,12,11,14,13,13,130,13,14,13,21,12,9,9,15,15,242,12,10,184,10,13,13,13,10,16,15,10,16,21,11,19,19,13,237,13,8,14,16,13,16,9,13,12,16,15,9,15,9,14,169,13,14,15,9,16,10,13,17,24,11,13,17,14,14,13,13,13,14,13,11,10,16,213,17,21,13,186,306,12,13,11,10,14,8,17,10,11,8,21,13,9,9,13,11,12,21,12,11,9,21,16,16,10,14,13,13,13
15,15,0,15,12,12,10,13,10,362,74,15,10,12,13,12,9,13,10,15,17,143,17,10,9,24,9,9,9,15,10,278,9,9,15,13,12,10,10,13,12,16,156,9,15,13,12,9,9,339,9,9,19,15,13,12,23,10,23,9,15,80,10,15,9,143,13,12,12,16,16,10,15,274,16,17,15,14,15,220,10,10,17,392,68,68,21,21,21,21,17,17,17,17,17,16,12,12,13,10,16,9,9,10,18,23,12,12,13,23,24,12,304,14,9,15,9,331,178,72,72,279,19,13,13,13,13,13,13,337,19,18,10,12,10,10,10,13,10,19,17,13,18,10,10,10,302,133,48,44,31,31,196,22,22,20,32,14,16,191,17,17,15,12,12,13,9,13,9,12,8,17,14
261,12,15,0,13,13,12,13,9,9,12,28,9,12,12,12,12,11,9,9,12,18,18,14,17,12,12,12,17,347,12,12,20,12,9,12,12,10,9,21,17,12,18,18,14,11,17,12,16,11,10,17,12,121,12,13,17,10,17,11,66,15,14,14,48,13,13,17,13,13,12,11,9,9,17,15,70,14,161,14,314,11,12,9,11,12,13,20,11,9,11,18,16,10,12,8,25,25,11,11,12,9,13,10,13,17,19,17,9,17,18,9,9,9,17,25,16,11,9,12,11,11,12,11,14,29,8,14,20,11,17,13,12,13,9,12,17,12,11,10,12,11,25,12,12,11,11,18,12,12,14,15,11,12,12,12,15,11,12,12,12,12,143,17,19,11,11,21,17,13,23,12,9
14,24,12,13,0,28,9,19,25,23,9,10,25,22,9,12,11,13,25,12,19,12,11,9,8,218,8,11,11,13,165,12,11,11,12,121,64,12,17,10,11,10,12,10,11,18,22,11,15,23,13,8,21,12,13,28,14,12,15,12,12,11,12,11,11,11,12,22,12,13,12,11,12,23,15,10,12,25,9,9,13,11,19,12,11,14,12,11,17,10,11,14,10,12,10,13,10,28,17,11,10,11,10,12,12,15,12,11,43,15,14,25,12,9,8,12,11,23,11,19,12,23,10,13,230,21,21,21,21,23,11,9,11,10,11,22,8,19,12,14,10,17,12,9,12,17,23,12,12,19,12,12,12,19,12,12,11,9,13,12,19,10,12,22,12,10,10,9,11,10,11,12,9
14,14,12,13,28,0,14,16,12,12,14,14,12,22,9,278,9,15,12,15,16,15,11,12,13,28,22,11,16,13,12,12,11,11,15,9,8,19,12,11,9,11,15,134,18,8,22,9,24,12,22,16,26,18,15,288,8,19,8,10,18,9,12,18,24,11,10,22,238,99,82,82,82,82,48,20,19,19,19,19,13,14,16,12,9,12,12,8,8,8,11,10,9,19,16,22,19,231,26,14,11,11,85,19,12,8,113,9,10,10,11,12,12,12,13,14,24,12,12,16,10,12,18,15,28,8,11,18,17,12,9,11,8,200,11,12,13,16,9,9,16,16,14,14,19,26,12,15,170,16,12,14,11,16,18,12,9,87,10,11,16,16,16,22,190,12,10,13,16,208,24,12,12
12,322,10,12,9,14,0,16,17,10,324,12,17,11,16,14,11,17,17,95,8,11,21,17,14,14,12,13,10,12,12,11,13,8,13,9,20,12,13,11,11,13,11,11,17,12,12,18,13,11,12,10,17,12,16,14,11,12,16,18,12,15,17,17,17,11,12,11,11,13,13,164,13,14,13,20,12,17,11,15,12,276,12,10,218,10,13,13,15,10,18,15,12,12,20,11,12,14,13,271,13,8,11,12,13,16,9,8,12,16,15,15,15,8,14,118,13,11,15,8,18,11,13,17,12,11,9,17,12,11,12,13,13,11,8,11,10,16,247,9,20,13,135,338,12,13,11,10,14,8,17,12,11,8,21,10,9,9,13,11,12,20,12,11,9,20,12,16,10,11,13,10,17
11,16,13,13,19,16,16,0,13,13,16,12,13,11,166,16,9,12,9,14,212,13,13,21,17,11,11,13,12,13,19,13,13,10,11,11,12,14,14,12,9,13,13,12,21,14,11,9,12,13,23,10,12,21,10,16,13,14,13,10,13,10,21,21,10,13,11,10,12,13,13,16,10,13,12,12,13,13,10,10,13,16,322,13,16,14,21,13,10,10,15,11,12,15,12,13,14,16,10,16,13,10,12,14,21,13,13,9,11,12,11,13,13,13,10,12,12,13,11,214,15,13,13,12,19,9,10,21,12,13,10,9,13,12,10,11,12,356,28,42,12,9,15,16,14,14,13,13,9,200,21,12,13,223,13,21,11,13,13,13,295,12,13,13,13,11,15,100,12,12,12,21,13
19,17,10,9,25,12,17,13,0,10,17,19,374,12,13,12,11,15,310,11,9,11,20,321,13,25,12,14,22,9,21,21,21,15,11,29,11,22,9,17,15,14,11,12,133,17,14,11,14,10,11,22,10,14,10,12,13,22,19,13,14,29,221,105,24,11,12,12,12,14,14,15,13,13,14,14,25,290,24,10,14,14,13,10,11,19,15,14,17,19,22,12,19,22,9,12,28,12,17,9,14,15,12,22,15,19,110,15,12,19,11,307,10,213,13,28,24,9,10,9,22,11,14,15,12,13,10,143,17,10,10,12,14,12,15,12,22,13,11,9,14,16,28,17,22,12,9,11,13,9,272,19,8,9,20,19,29,193,14,11,13,14,14,12,123,17,22,13,22,12,24,19,250
11,10,362,9,23,12,10,13,10,0,10,14,10,9,13,12,11,24,10,15,12,178,17,10,12,23,9,12,12,15,23,306,12,9,15,12,18,10,10,13,12,16,191,19,15,13,9,9,9,374,15,15,19,15,13,12,23,10,23,17,15,10,10,15,19,179,13,19,12,16,16,10,15,255,9,17,15,9,11,150,15,10,12,390,10,17,18,12,19,17,15,13,14,9,17,17,10,12,24,12,16,9,9,10,18,23,11,12,13,23,31,9,238,65,27,10,8,366,108,14,14,299,15,24,23,11,12,10,13,365,12,18,10,12,9,9,12,13,10,19,17,21,12,10,10,19,333,169,27,12,10,14,231,12,17,17,24,11,16,225,12,17,15,9,12,17,17,13,12,12,12,17,12
12,304,74,12,9,14,324,16,17,10,0,19,17,12,16,12,18,17,17,81,8,10,21,17,14,11,12,13,10,12,12,10,13,8,13,11,20,12,14,19,10,13,10,11,17,19,12,8,17,10,9,10,17,12,11,11,11,12,11,15,12,9,17,17,17,17,17,12,11,13,13,149,13,13,17,20,12,9,15,9,12,261,8,10,203,88,13,13,12,10,8,14,12,12,20,11,12,12,16,257,13,13,13,12,13,11,14,10,12,10,10,9,9,11,14,101,17,10,9,8,14,10,13,17,12,11,9,17,12,10,12,15,13,11,8,9,10,16,233,14,20,16,118,324,12,16,10,10,9,8,17,19,10,8,21,17,14,14,13,10,8,20,12,12,9,20,14,16,10,11,13,17,9
15,10,15,28,10,14,12,12,19,14,19,0,19,14,12,14,11,10,19,14,10,12,27,19,14,17,11,18,14,21,12,12,18,27,14,17,18,19,11,95,12,18,12,12,19,160,11,11,9,11,11,14,22,21,11,14,9,19,9,19,21,15,19,19,14,12,12,14,9,25,18,14,8,14,9,11,21,11,12,15,21,12,12,11,12,184,27,18,10,230,11,12,284,19,27,27,13,11,22,12,18,27,9,19,57,9,8,12,12,9,12,11,15,8,14,13,14,11,15,10,19,9,25,10,9,9,11,19,166,16,16,19,18,9,27,14,14,12,12,12,9,22,10,12,19,22,11,12,8,10,19,353,96,10,14,129,17,8,25,12,10,27,27,27,11,17,19,13,14,9,14,144,8
19,17,10,9,25,12,17,13,374,10,17,19,0,30,30,30,30,15,303,11,9,11,20,314,13,25,12,14,22,9,21,21,21,15,11,29,9,22,9,17,15,14,11,12,126,17,14,9,14,10,11,22,10,14,10,12,13,22,19,13,14,29,214,98,24,11,12,12,12,14,14,15,13,13,14,14,18,290,24,10,14,14,13,10,11,19,15,14,17,19,10,12,19,22,9,12,28,12,17,9,14,15,12,22,15,19,162,15,12,19,11,350,10,265,13,28,24,9,10,9,22,11,14,15,12,13,13,136,17,10,13,12,14,12,15,12,22,13,11,9,14,16,28,17,22,11,9,11,65,9,265,19,10,9,20,19,29,245,14,11,13,14,14,12,175,17,22,13,22,12,24,19,302
12,11,12,12,22,22,11,11,12,9,12,14,30,0,16,22,15,20,9,21,8,20,13,9,16,18,244,12,15,17,15,9,12,9,14,9,12,12,12,25,12,12,20,12,9,25,278,15,20,12,127,18,18,16,20,22,18,12,18,15,16,9,9,9,20,20,15,325,22,22,22,22,22,22,18,12,21,9,12,12,16,16,9,9,14,9,21,12,12,12,15,12,8,12,13,24,10,22,12,24,12,9,12,12,21,18,12,8,15,18,20,9,12,9,16,11,20,12,12,8,15,9,11,20,22,10,8,9,25,12,8,21,12,22,24,262,16,11,14,12,12,24,11,12,12,12,9,20,22,8,9,9,8,8,11,9,9,11,24,11,8,13,16,309,22,25,15,16,15,22,20,9,9
12,16,13,12,9,9,16,166,13,13,16,12,30,16,0,11,9,16,14,12,22,18,13,9,124,18,18,13,18,18,9,13,13,18,18,18,9,12,11,9,8,13,13,11,11,12,24,15,16,13,16,56,13,12,16,12,9,9,9,12,12,10,12,12,16,13,12,24,12,13,13,16,12,13,13,11,9,13,12,10,15,16,132,13,16,8,9,13,11,10,9,11,12,9,11,8,12,10,11,16,13,12,11,12,9,9,13,8,11,9,8,13,13,13,117,12,16,13,11,24,24,24,13,13,9,9,12,9,12,13,12,16,13,11,12,24,71,185,16,13,11,11,10,16,9,11,13,13,9,14,9,12,13,33,33,9,10,13,13,13,106,11,9,24,13,22,9,207,9,9,13,9,13
12,14,12,12,12,278,14,16,12,12,12,14,30,22,11,0,8,15,12,15,16,15,11,12,13,18,22,11,16,12,12,12,11,11,15,9,8,19,12,11,9,11,15,114,18,8,22,8,24,12,22,16,26,18,15,278,12,19,12,10,18,9,12,18,24,11,10,22,218,99,82,82,82,82,48,20,19,19,19,19,10,14,16,12,9,12,12,8,8,8,11,10,9,19,16,16,19,227,26,14,11,11,65,19,12,12,109,9,10,12,9,12,13,12,13,14,24,12,12,16,10,12,18,15,12,8,11,18,17,12,9,11,8,180,11,12,13,16,9,9,16,16,14,14,19,26,12,15,166,16,12,14,11,16,18,12,9,83,10,11,16,16,16,22,186,12,10,13,16,188,24,12,12
12,11,9,12,11,9,11,9,11,11,18,11,30,15,9,8,0,24,24,24,24,24,24,24,24,24,24,24,24,24,24,24,24,24,24,24,24,10,21,14,20,20,10,11,17,14,15,268,14,9,15,20,19,17,12,9,95,8,10,77,9,12,17,17,12,11,16,15,11,20,8,11,12,9,10,14,14,14,12,14,11,11,12,9,11,11,12,12,21,11,236,94,94,79,15,11,9,11,21,12,20,18,9,8,12,10,11,18,16,10,10,9,9,11,10,9,14,9,12,12,82,9,20,12,11,195,18,17,10,9,20,18,21,11,18,14,20,12,11,12,15,21,9,11,8,21,9,10,11,12,17,10,9,12,10,12,12,11,8,9,12,15,9,15,11,14,126,44,44,44,44,24,24
10,17,13,11,13,15,17,12,15,24,17,10,15,20,16,15,24,0,9,16,12,13,10,16,13,13,20,8,13,11,15,20,8,9,16,13,13,21,12,9,12,15,13,15,16,9,20,19,16,20,150,13,152,15,242,38,15,21,16,21,15,14,16,16,15,18,18,20,15,15,9,9,16,24,16,13,16,12,15,24,15,17,12,20,10,10,13,12,12,12,21,11,10,21,13,15,11,18,77,17,15,9,15,21,13,16,15,9,11,16,11,12,24,12,13,17,15,27,27,27,27,27,16,363,86,76,76,66,66,20,12,18,12,15,9,9,13,12,10,10,13,60,17,17,21,12,20,13,10,12,16,10,13,12,10,13,14,12,15,13,12,13,15,20,15,15,21,13,13,10,15,13,12
19,17,10,9,25,12,17,9,310,10,17,19,303,9,14,12,24,9,0,9,9,10,20,327,22,10,12,17,22,19,12,9,17,11,11,10,14,13,11,17,11,17,10,12,149,17,12,12,19,9,9,22,11,9,10,12,13,19,13,22,9,29,238,122,12,10,12,12,12,14,17,12,12,10,19,14,41,241,41,41,9,9,14,10,12,19,12,17,12,19,22,12,19,19,20,12,28,16,11,9,17,11,12,13,12,13,39,11,12,19,10,236,10,142,22,28,19,9,10,10,22,9,14,11,12,13,15,160,17,9,11,14,14,12,11,12,22,14,9,9,14,11,28,17,19,11,9,10,11,10,289,19,19,10,12,19,29,123,14,10,9,14,9,12,52,17,22,22,22,12,12,19,180
9,61,15,9,12,15,95,14,11,15,81,14,11,21,12,15,24,16,9,0,10,15,13,9,19,12,24,11,9,9,12,15,11,17,271,11,8,11,11,20,14,14,17,15,19,19,24,9,16,15,12,19,16,9,16,15,11,11,16,11,9,11,9,9,16,15,12,24,15,14,14,196,218,42,16,13,13,13,13,13,9,144,8,16,236,16,16,11,16,16,16,16,16,11,13,14,16,15,16,124,14,17,14,11,9,16,11,20,12,16,15,9,15,15,19,13,16,15,11,10,12,15,14,16,12,11,12,8,14,15,20,14,11,15,17,24,19,9,198,10,12,16,13,93,11,15,15,15,11,10,9,14,15,10,89,9,19,11,14,15,10,13,13,24,11,20,11,19,20,15,12,9,9
11,8,17,12,19,16,8,212,9,12,8,10,9,8,22,16,24,12,9,10,0,12,13,21,17,13,9,10,17,13,13,12,10,12,10,11,12,14,14,12,17,10,12,12,21,15,15,12,12,12,8,17,12,12,23,16,13,14,13,9,10,15,21,21,10,12,15,8,12,9,15,8,10,17,12,12,21,9,21,21,12,8,265,12,8,8,21,10,10,12,12,9,10,9,12,13,14,16,10,10,10,12,12,14,21,13,14,12,15,12,15,9,17,9,17,12,10,12,8,319,9,12,9,12,13,12,12,21,14,12,12,9,10,12,12,8,17,273,89,149,59,59,59,59,59,59,53,53,53,307,53,53,53,319,53,53,53,40,19,19,272,13,13,13,14,11,9,17,17,12,12,21,9
18,10,143,18,12,15,11,13,11,178,10,12,11,20,18,15,24,13,10,15,12,0,17,10,12,16,12,15,12,18,22,171,15,10,9,13,18,9,10,13,12,15,371,15,22,13,8,10,12,232,12,12,19,22,13,15,12,9,9,9,22,15,10,22,18,289,22,20,15,9,15,15,9,42,12,16,22,10,18,20,17,17,12,177,10,10,10,15,10,14,10,13,12,9,16,15,9,15,10,17,15,15,15,9,10,12,15,9,22,9,254,10,21,10,12,12,12,226,20,17,17,163,17,13,12,12,9,12,13,170,20,17,10,15,10,20,10,13,17,12,18,10,9,10,11,10,230,345,48,20,10,12,210,15,17,20,15,15,9,286,12,16,22,8,15,13,11,13,12,15,12,20,10
18,21,17,18,11,11,21,13,20,17,21,27,20,13,13,11,24,10,20,13,13,17,0,20,15,15,13,13,15,9,12,17,13,13,13,15,12,13,14,8,15,15,16,15,15,15,15,15,15,16,13,15,10,14,13,11,10,13,15,28,14,13,9,9,15,15,15,15,9,13,13,12,75,12,15,49,14,9,20,12,14,14,13,17,13,11,8,13,14,27,12,11,27,13,125,10,14,12,15,21,13,8,9,13,8,15,11,13,12,15,16,10,12,11,15,14,15,16,12,13,13,17,13,11,8,10,13,9,8,17,9,12,13,16,13,11,15,13,21,11,16,15,10,12,13,11,16,16,11,10,10,27,17,13,212,10,11,11,13,16,13,108,14,13,11,12,28,15,15,16,20,8,12
19,17,10,14,9,12,17,21,321,10,17,19,314,9,9,12,24,16,327,9,21,10,20,0,22,10,12,17,22,14,12,11,17,11,11,10,12,13,9,17,11,17,10,12,204,17,12,12,19,11,9,22,16,61,16,12,13,19,13,22,15,29,293,177,12,10,12,12,12,14,17,12,12,10,19,14,96,252,78,78,14,9,21,10,12,19,12,17,12,19,22,12,19,19,20,18,28,16,16,9,17,11,18,13,12,13,50,11,12,19,10,247,10,153,22,28,19,11,10,21,22,11,14,16,12,13,15,215,18,18,11,21,14,12,11,12,22,21,9,9,14,16,28,17,19,14,11,10,8,21,344,19,19,21,12,19,29,134,14,10,21,14,14,12,63,17,22,22,22,12,12,19,191
21,14,9,17,8,13,14,17,13,12,14,14,13,16,124,13,24,13,22,19,17,12,15,22,0,12,26,9,195,17,14,11,9,12,19,10,9,30,9,9,139,42,42,42,42,42,42,42,42,12,12,281,52,17,9,13,9,30,9,10,10,11,10,10,13,12,15,16,13,16,9,19,19,38,9,11,13,22,9,38,17,19,17,12,19,14,11,9,9,13,9,15,13,9,11,11,30,13,12,19,16,12,16,30,9,9,12,20,14,10,12,22,38,9,343,10,13,12,38,17,10,11,16,13,14,9,20,12,12,11,20,29,9,13,12,16,297,35,19,17,11,12,15,14,30,9,12,12,13,17,13,17,17,17,15,13,11,12,16,12,17,11,17,16,13,9,9,301,201,13,13,13,22
12,14,24,12,218,28,14,11,25,23,11,17,25,18,18,18,24,13,10,12,13,16,15,10,12,0,9,10,12,12,73,12,11,9,12,225,64,10,17,10,12,10,12,10,10,17,18,11,11,23,13,12,9,17,13,28,14,10,14,12,11,26,10,10,12,20,12,18,10,10,10,9,12,23,11,10,11,9,14,24,12,11,11,23,11,8,9,11,17,10,11,20,17,10,10,10,21,28,17,11,10,9,10,10,9,14,28,12,20,14,14,9,23,9,12,12,11,23,24,13,24,23,10,13,138,21,9,10,17,23,12,18,17,10,17,18,17,11,11,13,10,17,12,11,10,17,23,20,28,13,10,17,12,13,12,9,85,28,10,12,11,10,11,18,28,10,10,12,12,10,11,9,9
12,12,9,12,8,22,12,11,12,9,12,11,12,244,18,22,24,20,12,24,9,12,13,12,26,9,0,12,16,17,15,9,12,9,12,9,8,12,12,25,16,12,12,12,9,25,226,15,20,9,220,18,18,16,94,22,18,12,18,15,16,9,9,9,20,20,22,269,22,22,22,22,22,22,18,12,21,9,12,12,16,16,9,9,24,11,21,12,12,11,15,22,11,12,15,24,13,22,12,24,12,9,12,12,21,18,12,10,15,18,12,9,12,9,16,13,20,9,12,8,15,9,11,20,12,10,10,9,25,9,16,21,12,22,24,180,16,11,24,22,22,22,22,22,22,22,9,12,22,8,9,11,9,8,11,10,9,9,24,11,8,13,16,248,22,25,15,15,16,22,20,10,9
12,13,9,12,11,11,13,13,14,12,13,18,14,12,13,11,24,8,17,11,10,15,13,17,9,10,12,0,9,9,23,23,337,23,23,10,17,18,216,17,9,314,15,11,14,14,12,11,12,12,12,9,17,9,14,18,14,18,12,11,9,13,14,9,12,15,12,12,11,181,318,16,15,12,12,17,11,14,12,10,9,17,13,11,16,9,15,355,128,18,11,12,18,18,17,11,27,10,103,103,314,12,11,18,15,12,14,12,12,12,13,14,13,14,9,13,12,12,13,10,11,12,229,12,11,14,12,14,14,12,12,9,340,11,12,12,9,13,16,12,17,10,13,16,18,65,12,15,9,10,14,18,15,10,15,13,13,14,194,15,13,17,9,12,14,17,18,9,9,11,12,13,14
21,10,9,17,11,16,10,12,22,12,10,14,22,15,18,16,24,13,22,9,17,12,15,22,195,12,16,9,0,17,14,9,9,8,9,12,9,30,30,11,241,16,12,11,13,13,15,20,11,12,26,257,13,17,16,16,10,30,22,22,22,22,22,22,12,12,15,15,11,16,9,9,9,38,10,10,13,22,17,12,17,14,17,38,14,13,11,9,12,13,20,15,13,10,12,16,12,12,12,9,16,13,16,30,11,10,9,60,14,10,12,13,9,9,217,10,11,12,9,17,9,12,16,13,14,20,20,9,9,11,111,29,9,11,12,15,294,17,17,17,13,11,10,17,30,30,17,19,19,17,17,17,17,17,15,13,12,9,16,12,17,10,17,15,9,11,9,147,297,43,43,13,13
268,12,15,347,13,13,12,13,9,15,12,21,9,17,18,12,24,11,19,9,13,18,9,14,17,12,17,9,17,0,11,15,20,8,9,12,12,10,9,21,17,12,18,18,14,11,17,12,18,15,10,17,12,126,12,13,17,10,18,11,71,15,14,14,62,13,13,17,13,12,12,11,9,15,18,15,75,14,175,14,319,11,12,15,11,9,10,20,11,9,11,18,16,10,9,8,25,25,11,11,12,9,13,10,10,18,19,17,9,18,18,9,15,9,17,25,18,15,9,12,11,15,12,11,14,29,8,14,20,15,17,13,12,13,9,12,17,12,11,10,12,11,25,12,12,11,15,18,12,12,14,31,31,12,12,10,15,11,12,12,12,9,148,17,19,11,11,21,17,13,37,10,9
12,12,10,12,165,12,12,19,21,23,12,12,21,15,9,12,24,15,12,12,13,22,12,12,14,73,15,23,14,11,0,9,12,11,12,8,10,16,12,21,14,13,22,22,22,21,15,16,11,10,12,14,15,17,12,12,9,16,10,16,17,19,12,17,8,11,204,15,12,13,9,9,12,10,11,21,17,12,9,23,11,12,12,10,9,10,20,12,12,10,16,114,32,16,10,13,14,12,12,12,13,11,12,16,20,10,13,11,259,10,22,12,10,12,14,12,11,10,10,10,16,9,13,15,213,11,11,12,12,10,11,9,12,12,11,15,14,12,10,14,13,10,12,10,16,12,13,22,13,13,12,13,13,13,12,20,14,13,13,10,12,13,17,15,13,21,16,14,14,12,13,20,12
12,11,278,12,12,12,11,13,21,306,10,12,21,9,13,12,24,20,9,15,12,171,17,11,11,12,9,23,9,15,9,0,15,9,15,13,12,10,10,13,9,16,184,15,9,13,11,9,9,306,9,9,19,15,13,12,23,10,23,9,15,13,11,9,8,171,13,11,12,16,16,15,15,177,9,17,15,11,8,72,10,10,12,306,12,17,18,15,13,17,9,13,8,9,17,16,12,12,10,12,16,15,15,10,18,23,11,9,13,23,24,9,156,11,8,12,9,306,78,19,19,298,17,13,11,14,9,9,13,305,20,18,10,12,10,11,10,13,12,20,17,10,12,12,10,10,306,161,48,20,11,11,224,12,17,17,13,11,16,219,12,17,15,11,12,13,9,13,9,15,8,17,11
12,13,9,20,11,11,13,13,21,12,13,18,21,12,13,11,24,8,17,11,10,15,13,17,9,11,12,337,9,20,12,15,0,12,11,10,14,18,241,14,9,296,15,11,14,14,12,12,12,12,12,9,12,9,14,11,31,18,31,11,19,13,14,9,12,15,12,12,11,163,300,17,11,12,12,14,20,14,12,10,9,17,13,9,16,9,15,362,153,18,12,12,18,18,14,11,27,10,128,119,296,12,11,18,15,31,14,12,12,12,12,14,13,14,9,13,12,12,13,10,11,12,211,12,11,14,12,14,14,12,12,9,362,11,12,12,9,13,17,12,14,10,13,16,18,90,12,15,10,10,14,18,15,10,11,13,13,14,176,15,13,14,9,12,14,14,18,9,9,11,12,13,14
12,13,9,12,11,11,8,10,15,9,8,27,15,9,18,11,24,9,11,17,12,10,13,11,12,9,9,23,8,8,11,9,12,0,17,16,14,17,18,12,168,11,9,11,11,17,9,18,13,9,9,9,9,8,9,15,13,17,13,18,17,17,11,11,13,9,12,9,11,9,11,17,11,9,13,14,12,11,9,8,8,8,12,9,17,27,15,11,18,27,18,12,27,17,14,11,15,15,12,8,11,262,11,17,15,13,15,179,9,13,15,15,8,15,12,13,13,9,8,12,20,9,11,9,11,15,234,11,17,9,212,15,11,11,329,68,12,12,17,12,14,12,13,12,17,12,12,12,13,12,12,16,12,12,12,27,16,15,10,9,12,14,8,9,15,12,18,12,8,11,13,27,15
9,13,15,9,12,15,13,11,11,15,13,14,11,14,18,15,24,16,11,271,10,9,13,11,19,12,12,23,9,9,12,15,11,17,0,11,11,11,11,8,19,11,8,15,11,14,14,9,11,15,17,19,16,9,17,15,11,11,11,11,15,11,11,11,14,11,12,14,15,14,11,81,214,15,11,13,15,11,12,9,9,29,11,15,121,8,9,11,9,14,11,12,8,11,13,12,13,15,16,25,14,17,8,11,9,11,11,9,12,11,9,11,15,9,19,13,14,15,9,10,11,15,11,17,16,11,16,16,16,15,12,11,11,15,17,14,19,9,82,10,12,16,16,13,11,9,15,9,11,10,11,14,15,10,88,9,15,11,14,15,9,13,9,14,17,17,11,19,19,15,14,9,11
12,9,13,12,121,9,9,11,29,12,11,17,29,9,18,9,24,13,10,11,11,13,15,10,10,225,9,10,12,12,8,13,10,16,11,0,20,14,17,9,16,10,13,10,10,17,9,10,10,9,13,12,18,17,13,22,11,14,14,14,17,115,10,10,12,13,12,14,10,10,10,9,11,9,14,20,11,11,11,11,13,9,11,9,9,9,9,10,17,12,10,19,17,14,20,10,21,9,18,9,10,10,10,10,11,14,12,16,9,10,9,29,9,12,10,24,10,24,11,11,14,12,10,18,41,10,16,10,17,9,12,10,17,22,16,12,12,11,9,19,20,18,24,9,10,18,12,13,9,11,10,17,12,11,15,9,189,12,10,12,11,20,17,18,9,20,14,10,10,22,10,9,28
12,21,12,12,64,8,20,12,11,18,20,18,9,12,9,8,24,13,14,8,12,18,12,12,9,64,8,17,9,12,10,12,14,14,11,20,0,18,11,138,14,17,18,15,11,27,12,15,12,18,8,9,15,12,17,8,13,18,11,18,12,20,14,11,12,18,12,12,15,17,17,20,12,9,12,266,12,11,11,8,12,20,12,18,20,9,16,17,11,9,18,15,9,18,265,12,23,15,11,20,17,14,12,18,10,11,12,14,12,11,11,9,9,12,9,23,12,18,8,12,18,18,17,17,10,15,14,11,18,18,14,16,14,15,14,12,9,12,20,11,266,11,23,20,18,11,18,18,12,12,9,9,18,12,12,9,20,12,17,14,12,266,12,12,12,170,18,11,9,15,12,9,12
10,16,10,10,12,19,12,14,22,10,12,19,22,12,12,19,10,21,13,11,14,9,13,13,30,10,12,18,30,10,16,10,18,17,11,14,18,0,19,18,19,10,19,19,19,24,19,63,19,10,11,30,17,16,21,19,12,344,12,269,16,10,15,15,12,10,16,12,19,11,18,18,11,18,10,18,16,13,11,18,16,16,14,10,12,9,19,18,18,18,181,22,11,330,18,19,176,11,18,12,10,16,19,371,19,12,10,17,16,15,12,13,10,13,30,25,12,10,18,14,214,10,19,21,12,12,17,15,11,10,17,19,18,19,20,12,30,14,12,17,18,16,44,12,331,28,10,9,13,14,22,9,11,14,13,19,8,13,19,10,14,18,16,13,10,18,307,30,30,19,12,19,13
8,13,10,9,17,12,13,14,9,10,14,11,9,12,11,12,21,12,11,11,14,10,14,9,9,17,12,216,30,9,12,10,241,18,11,17,11,19,0,12,12,175,11,11,11,12,12,12,8,10,24,9,26,20,12,11,13,18,13,12,12,13,9,11,12,11,12,24,11,43,180,75,25,25,12,11,20,9,12,13,20,14,11,10,13,16,12,258,251,109,12,11,11,18,11,11,27,11,227,14,175,167,133,60,47,47,47,47,47,47,47,47,45,45,45,45,40,16,16,16,21,16,98,12,11,12,12,11,12,10,12,11,306,99,96,96,35,11,13,12,11,108,12,13,18,189,10,11,12,10,17,11,11,10,17,13,17,9,55,55,55,11,20,24,9,12,18,9,12,11,12,11,11
9,21,13,21,10,11,11,12,17,13,19,95,17,25,9,11,14,9,17,20,12,13,8,17,9,10,25,17,11,21,21,13,14,12,8,9,138,18,12,0,17,17,13,15,17,286,25,14,26,13,25,11,11,21,14,11,14,24,26,18,21,10,17,17,11,13,13,25,15,17,17,11,20,11,26,185,21,17,14,10,21,15,19,13,11,11,17,17,12,11,18,13,15,24,137,16,24,17,12,11,17,12,16,24,17,26,14,17,13,26,11,14,10,14,11,21,26,13,10,19,18,13,17,9,21,14,12,17,214,13,11,17,23,23,23,23,23,19,11,12,150,12,21,11,24,12,13,13,12,19,17,100,13,19,14,11,10,14,17,13,19,151,21,25,14,319,24,9,9,15,11,11,14
17,13,12,17,11,9,11,9,15,12,10,12,15,12,8,9,20,12,11,14,17,12,15,11,139,12,16,9,241,17,14,9,9,168,19,16,14,19,12,17,0,9,12,10,9,12,12,20,11,12,26,201,12,17,16,16,13,19,14,17,14,14,15,14,12,12,14,8,11,9,9,9,14,12,13,14,13,12,17,12,17,15,17,12,14,11,9,9,9,11,20,12,12,17,14,12,17,12,9,9,9,102,9,19,15,13,15,252,14,13,12,13,9,15,161,13,9,12,9,17,18,12,9,12,14,20,201,9,12,12,303,9,9,11,179,9,238,17,17,17,14,10,13,17,19,19,17,19,19,17,17,17,17,17,15,17,17,15,9,12,17,14,17,8,15,17,18,91,241,43,43,15,15
12,13,16,12,10,11,13,13,14,16,13,18,14,12,13,11,20,15,17,14,10,15,15,17,42,10,12,314,16,12,13,16,296,11,11,10,17,10,175,17,9,0,15,11,14,16,12,8,12,15,15,16,17,15,15,18,14,10,14,14,15,13,14,14,12,15,15,12,13,258,331,16,15,16,12,17,15,14,12,16,15,17,13,16,16,25,13,315,87,25,14,15,18,10,17,78,11,22,62,62,391,18,49,10,25,14,22,9,15,12,10,14,13,14,16,11,8,15,13,10,14,16,306,12,10,14,9,14,12,16,9,12,299,11,18,12,16,13,16,11,17,10,11,16,10,24,15,15,22,10,14,18,15,10,11,25,13,22,271,15,13,17,15,12,22,17,14,16,16,11,12,25,14
18,10,156,18,12,15,11,13,11,191,10,12,11,20,13,15,10,13,10,17,12,371,16,10,42,12,12,15,12,18,22,184,15,9,8,13,18,19,11,13,12,15,0,15,22,13,8,10,12,245,12,12,19,22,13,15,12,9,9,9,22,13,10,22,18,289,22,20,15,9,15,15,9,55,12,16,22,10,18,20,17,10,12,190,17,17,17,15,10,17,10,13,12,9,16,15,9,15,10,17,15,15,15,9,17,12,15,9,22,9,224,10,34,10,12,12,12,239,20,17,17,176,17,13,12,12,9,12,13,183,20,17,10,15,10,20,10,13,17,15,18,10,9,10,11,10,243,345,48,20,10,12,223,15,17,17,13,15,9,299,12,16,22,8,15,13,11,13,12,15,12,17,10
18,14,9,18,10,134,11,12,12,19,11,12,12,12,11,114,11,15,12,15,12,15,15,12,42,10,12,11,11,18,22,15,11,11,15,10,15,19,11,15,10,11,15,0,12,15,12,11,14,9,15,11,8,13,15,120,11,19,14,10,13,22,12,12,14,15,14,14,282,43,11,18,15,9,14,15,13,12,13,9,13,13,12,9,18,12,12,11,11,10,11,12,9,19,15,170,19,63,11,11,22,11,233,19,12,14,15,14,12,14,15,12,9,12,11,14,14,9,9,12,10,15,73,15,10,11,10,12,15,9,13,9,11,266,11,12,11,12,9,9,15,9,14,11,19,12,15,15,15,12,12,12,15,12,12,12,10,12,129,15,12,15,13,12,22,15,19,11,11,269,24,12,12
9,17,15,14,11,18,17,21,133,15,17,19,126,9,11,18,17,16,149,19,21,22,15,204,42,10,9,14,13,14,22,9,14,11,11,10,11,19,11,17,9,14,22,12,0,17,21,17,13,22,9,22,11,174,16,18,13,22,13,15,128,15,248,290,13,22,16,9,18,13,12,15,12,15,13,9,210,64,10,15,12,11,21,15,11,19,12,14,11,19,14,16,19,15,9,13,16,18,11,11,13,11,13,15,12,13,9,9,16,9,22,59,15,11,9,17,13,22,15,21,17,15,13,16,11,13,9,287,17,15,9,21,14,18,11,21,9,21,11,11,9,11,17,17,15,11,22,22,18,21,219,19,15,21,20,19,15,8,13,22,21,9,72,9,18,17,15,11,9,18,10,19,10
11,14,13,11,18,8,12,14,17,13,19,160,17,25,12,8,14,9,17,19,15,13,15,17,42,17,25,14,13,11,21,13,14,17,14,17,27,24,12,286,12,16,13,15,17,0,25,14,26,13,25,11,9,21,14,8,14,24,26,14,21,10,17,17,11,13,13,25,15,16,12,12,20,11,26,74,21,17,11,10,21,12,19,13,12,11,17,9,12,11,14,13,80,24,26,16,24,17,12,12,12,10,16,24,17,26,17,17,13,26,11,14,10,17,12,14,26,13,10,10,14,13,16,9,21,14,10,17,279,13,17,17,12,15,12,13,12,19,12,12,39,12,14,12,24,12,13,13,17,19,17,165,13,19,14,11,17,17,16,13,19,40,21,25,17,208,14,12,9,15,15,11,17
17,12,12,17,22,22,12,11,14,9,12,11,14,278,24,22,15,20,12,24,15,8,15,12,42,18,226,12,15,17,15,11,12,9,14,9,12,19,12,25,12,12,8,12,21,25,0,15,20,12,109,18,18,21,20,22,18,12,18,15,11,9,9,21,20,20,15,278,22,22,22,22,22,22,18,9,21,9,12,12,12,24,8,9,14,9,21,12,12,12,15,12,8,12,12,24,13,22,12,24,12,9,12,12,21,18,12,8,15,18,14,9,12,9,16,13,20,12,12,8,15,9,11,20,22,10,8,21,25,12,8,21,12,22,9,232,16,11,14,12,9,12,9,12,12,12,9,20,22,8,9,9,8,8,11,9,9,11,24,11,8,9,11,278,22,25,15,16,15,22,20,9,9
12,18,9,12,11,9,18,9,11,9,8,11,9,15,15,8,268,19,12,9,12,10,15,12,42,11,15,11,20,12,16,9,12,18,9,10,15,63,12,14,20,8,10,11,17,14,15,0,12,9,15,20,15,17,12,9,109,10,10,132,17,12,14,14,12,9,16,15,11,11,11,11,10,11,10,14,17,11,12,9,11,9,15,9,11,11,9,12,12,11,292,16,10,45,9,11,9,11,12,11,14,18,11,23,11,33,33,33,33,33,33,22,9,11,10,18,12,9,12,12,138,9,11,15,11,210,18,14,11,9,20,18,12,12,21,21,20,15,12,12,12,21,18,12,9,12,12,10,11,12,12,10,9,12,12,11,12,11,11,9,9,9,17,15,11,14,182,9,20,11,12,11,9
18,13,9,16,15,24,13,12,14,9,17,9,14,20,16,24,14,16,19,16,12,12,15,19,42,11,20,12,11,18,11,9,12,13,11,10,12,19,8,26,11,12,12,14,13,26,20,12,0,9,11,9,26,13,13,16,18,15,162,15,13,12,14,13,256,98,90,38,14,12,12,17,15,11,314,26,13,14,21,11,13,17,12,9,17,15,15,12,11,15,12,10,9,15,14,14,20,24,26,17,12,13,14,15,15,154,24,10,10,165,12,14,11,14,13,13,321,9,11,12,12,9,28,16,18,18,18,18,18,9,10,9,12,14,13,20,11,12,17,10,26,26,13,17,15,26,9,12,24,12,14,9,9,16,15,15,8,44,28,9,12,26,12,18,24,26,12,13,9,14,161,15,14
11,14,339,11,23,12,11,13,10,374,10,11,10,12,13,12,9,20,9,15,12,232,16,11,12,23,9,12,12,15,10,306,12,9,15,9,18,10,10,13,12,15,245,9,22,13,12,9,9,0,9,12,24,17,13,12,23,10,23,9,17,13,11,22,8,232,13,12,12,16,16,15,15,238,9,17,17,11,8,133,15,12,12,373,15,17,18,15,13,17,9,13,8,9,17,16,12,12,24,12,16,15,9,10,18,23,11,12,13,23,85,9,217,9,12,14,9,414,131,72,72,299,19,13,24,24,24,24,13,364,19,18,10,12,10,10,10,13,12,19,17,24,14,12,10,10,389,222,48,44,31,31,263,22,22,20,20,11,16,280,12,17,17,12,12,13,9,13,12,12,8,17,12
10,12,9,10,13,22,12,23,11,15,9,11,11,127,16,22,15,150,9,12,8,12,13,9,12,13,220,12,26,10,12,9,12,9,17,13,8,11,24,25,26,15,12,15,9,25,109,15,11,9,0,9,9,16,234,21,18,11,18,15,16,13,15,15,12,12,22,152,21,15,9,12,16,9,18,12,16,13,12,9,16,21,23,9,12,11,21,12,9,11,15,22,11,11,15,15,11,21,9,21,15,9,15,11,21,18,14,10,12,18,12,10,9,11,9,12,12,9,11,23,15,9,15,121,12,11,10,9,25,9,12,13,24,21,9,62,9,23,12,22,12,9,9,21,11,9,9,12,21,23,20,11,11,23,11,13,12,11,15,11,23,15,16,131,21,25,15,12,9,21,12,13,9
21,10,9,17,8,16,10,10,22,15,10,14,22,18,56,16,20,13,22,19,17,12,15,22,281,12,18,9,257,17,14,9,9,9,19,12,9,30,9,11,201,16,12,11,22,11,18,20,9,12,9,0,13,17,16,16,20,30,9,8,9,12,22,9,9,12,15,15,13,16,9,19,9,38,9,11,13,22,9,12,17,19,17,38,19,13,8,9,9,13,20,15,13,10,12,16,12,13,12,19,16,17,16,30,8,9,12,20,14,9,12,13,9,12,303,14,8,12,9,17,12,12,16,13,14,20,20,9,9,11,71,29,9,13,9,15,343,17,19,17,11,11,14,17,30,30,17,17,17,17,17,17,17,17,15,13,12,12,16,12,17,11,17,15,13,13,9,233,263,43,43,13,13
11,17,19,12,21,26,17,12,10,19,17,22,10,18,13,26,19,152,11,16,12,19,10,16,52,9,18,17,13,12,15,19,12,9,16,18,15,17,26,11,12,17,19,8,11,9,18,15,26,24,9,13,0,12,15,14,12,11,18,17,15,13,14,11,26,19,18,35,8,11,9,14,16,24,26,10,15,15,15,13,12,17,12,24,14,16,21,9,42,22,19,14,22,11,11,11,11,14,218,17,11,9,11,11,21,13,15,9,14,18,12,15,13,15,13,17,26,27,13,27,27,27,16,220,154,144,144,134,134,67,67,25,15,8,9,9,13,12,14,15,12,201,17,17,11,106,19,19,14,12,14,22,19,12,16,14,19,15,11,25,12,11,12,9,15,15,11,13,13,10,14,21,15
35,12,15,121,12,18,12,21,14,15,12,21,14,16,12,18,17,15,9,9,12,22,14,61,17,17,16,9,17,126,17,15,9,8,9,17,12,16,20,21,17,15,22,13,174,21,21,17,13,17,16,17,12,0,11,12,29,16,29,16,282,15,105,191,13,17,17,16,13,18,9,11,13,15,13,18,332,43,43,43,220,89,39,15,11,11,13,20,11,11,9,17,15,16,14,13,16,12,11,11,18,9,13,16,13,29,14,9,17,13,17,14,15,14,17,12,13,22,15,21,18,15,18,15,11,29,11,144,21,15,11,21,20,13,8,9,17,21,11,12,18,11,12,12,16,11,22,22,18,21,76,31,31,21,14,11,15,14,15,22,21,14,280,16,14,15,16,9,17,13,13,11,14
10,16,13,12,13,15,16,10,10,13,11,11,10,20,16,15,12,242,10,16,23,13,13,16,9,13,94,14,16,12,12,13,14,9,17,13,17,21,12,14,16,15,13,15,16,14,20,12,13,13,234,16,15,11,0,10,11,21,11,24,11,12,16,16,15,13,22,26,15,15,8,16,17,12,9,17,16,16,16,16,16,16,10,13,16,11,13,12,12,11,21,22,11,21,17,15,12,10,12,16,15,9,17,21,13,11,10,10,12,9,14,8,11,16,16,15,15,13,9,10,24,13,15,209,11,13,10,16,14,13,10,13,12,15,9,11,16,10,10,10,22,22,22,22,21,22,13,13,10,10,16,11,13,10,10,13,13,10,15,13,10,17,11,20,10,8,24,9,16,15,15,13,8
13,14,12,13,28,288,14,16,12,12,11,14,12,22,12,278,9,38,12,15,16,15,11,12,13,28,22,18,16,13,12,12,11,15,15,22,8,19,11,11,16,18,15,120,18,8,22,9,16,12,21,16,14,12,10,0,8,19,15,10,12,22,12,12,24,11,10,21,222,18,18,10,18,12,16,16,12,12,13,12,13,10,16,12,10,12,12,18,11,8,11,10,8,19,16,11,19,232,26,9,18,11,71,19,12,12,113,75,15,15,15,12,12,12,13,14,24,12,8,16,10,12,11,15,28,8,15,12,14,12,11,11,18,186,15,12,13,16,10,9,16,26,14,9,19,14,12,15,171,16,12,12,12,16,18,12,22,88,10,11,16,16,18,21,190,77,10,13,14,194,24,12,12
17,11,23,17,14,8,11,13,13,23,11,9,13,18,9,12,95,15,13,11,13,12,10,13,9,14,18,14,10,17,9,23,31,13,11,11,13,12,13,14,13,14,12,11,13,14,18,109,18,23,18,20,12,29,11,8,0,12,202,12,9,16,13,13,17,14,9,18,11,14,14,11,10,23,73,14,14,14,17,23,29,11,13,23,16,10,14,31,31,10,63,63,63,63,14,14,12,18,13,11,14,13,8,12,14,225,15,13,10,120,12,9,23,15,10,18,9,23,22,14,12,23,14,12,11,187,24,13,8,23,13,14,31,13,13,13,10,13,11,16,14,14,13,11,12,13,23,12,15,14,13,9,16,14,10,14,9,15,8,14,13,14,29,18,15,8,12,9,10,11,17,14,11
10,16,10,10,12,19,12,14,22,10,12,19,22,12,9,19,8,21,19,11,14,9,13,19,30,10,12,18,30,10,16,10,18,17,11,14,18,344,18,24,19,10,9,19,22,24,12,10,15,10,11,30,11,16,21,19,12,0,12,215,56,48,19,17,15,9,17,9,19,19,21,13,11,10,15,24,16,19,16,17,16,12,14,10,12,12,19,21,18,9,128,22,12,296,18,19,151,10,18,18,19,15,19,345,19,12,10,17,16,22,9,19,10,13,30,27,15,10,17,14,161,10,19,21,12,8,17,17,11,10,17,19,21,19,17,13,30,14,12,17,17,17,27,12,330,62,10,9,13,14,19,9,10,14,13,19,15,13,19,10,14,18,16,9,10,24,254,30,30,19,19,19,19
17,16,23,17,15,8,16,13,19,23,11,9,19,18,9,12,10,16,13,16,13,9,15,13,9,14,18,12,22,18,10,23,31,13,11,14,11,12,13,26,14,14,9,14,13,26,18,10,162,23,18,9,18,29,11,15,202,12,0,15,13,16,13,13,47,47,47,38,14,12,12,16,15,23,217,26,13,19,18,23,29,11,13,23,11,11,14,12,13,10,10,10,9,12,14,14,18,8,18,11,12,13,14,12,14,338,19,15,10,264,15,19,23,19,9,12,112,23,23,13,9,23,28,16,18,78,18,18,18,23,10,14,13,14,13,17,10,13,11,10,26,18,19,11,12,13,23,9,15,15,13,9,9,13,15,14,9,19,28,9,13,26,29,18,19,26,10,9,10,14,18,14,19
11,16,9,11,12,10,18,10,13,17,15,19,13,15,12,10,77,21,22,11,9,9,28,22,10,12,15,11,22,11,16,9,11,18,11,14,18,269,12,18,17,14,9,10,15,14,15,132,15,9,15,8,17,16,24,10,12,215,15,0,19,19,19,19,15,9,16,15,10,12,8,14,11,17,8,18,16,22,11,9,11,14,13,17,14,11,19,8,11,11,250,16,19,250,18,14,22,10,11,14,8,18,14,229,19,15,10,18,16,15,13,22,9,13,9,16,15,17,9,9,283,15,12,24,11,12,18,15,10,17,18,19,11,10,18,15,11,13,14,17,18,11,16,11,201,11,15,9,24,9,22,19,15,9,13,19,9,13,15,15,13,18,16,15,10,18,338,15,9,10,15,19,13
11,12,15,66,12,18,12,13,14,15,12,21,14,16,12,18,9,15,9,9,10,22,14,15,10,11,16,9,22,71,17,15,19,17,15,17,12,16,12,21,14,15,22,13,128,21,11,17,13,17,16,9,15,282,11,12,9,56,13,19,0,15,59,145,13,17,17,16,13,15,11,9,15,15,13,18,282,14,10,15,165,89,39,15,9,11,10,19,9,11,9,17,15,16,14,13,16,12,11,11,15,9,13,16,10,13,14,9,17,13,22,14,15,14,9,12,13,22,15,10,18,15,15,15,11,12,11,98,21,15,11,10,13,13,11,11,9,14,9,10,18,11,12,12,16,9,22,22,18,10,30,31,31,10,14,11,15,14,15,22,13,14,225,16,14,15,16,9,9,13,13,11,14
15,15,80,15,11,9,15,10,29,10,9,15,29,9,10,9,12,14,29,11,15,15,13,29,11,26,9,13,22,15,19,13,13,17,11,115,20,10,13,10,14,13,13,22,15,10,9,12,12,13,13,12,13,15,12,22,16,48,16,19,15,0,29,15,12,13,14,12,22,9,13,9,9,29,16,20,15,29,15,139,15,11,11,47,11,12,9,13,13,10,12,19,15,8,21,8,27,11,13,11,13,13,22,8,11,16,9,11,14,16,15,29,162,9,11,27,12,13,186,17,9,13,16,13,11,12,16,15,10,9,12,10,13,22,16,12,12,10,11,19,20,13,15,15,8,18,13,13,9,20,29,15,13,17,11,11,242,9,9,13,11,20,15,12,9,10,12,10,10,22,10,11,9
9,17,10,14,12,12,17,21,221,10,17,19,214,9,12,12,17,16,238,9,21,10,9,293,10,10,9,14,22,14,12,11,14,11,11,10,14,15,9,17,15,14,10,12,248,17,9,14,14,11,15,22,14,105,16,12,13,19,13,19,59,29,0,221,13,10,12,12,18,18,9,12,12,10,14,14,140,152,78,78,14,9,21,10,12,19,12,9,12,19,22,12,19,19,20,18,28,16,11,9,18,11,18,9,12,13,8,11,12,14,10,147,10,53,13,28,13,11,10,21,22,11,18,16,12,13,15,259,17,11,11,21,11,9,11,12,13,21,9,14,14,11,28,17,19,14,11,10,8,21,308,19,19,21,12,19,29,34,18,10,21,14,14,12,8,17,15,9,13,9,12,19,91
8,17,15,14,11,18,17,21,105,15,17,19,98,9,12,18,17,16,122,9,21,22,9,177,10,10,9,9,22,14,17,9,9,11,11,10,11,15,11,17,14,14,22,12,290,17,21,14,13,22,15,9,11,191,16,12,13,17,13,19,145,15,221,0,13,17,17,10,18,18,9,15,18,10,13,12,226,78,78,78,28,28,28,10,10,19,10,9,12,19,12,17,19,18,20,18,16,16,11,15,18,11,18,18,10,13,12,11,17,10,22,31,15,12,9,17,13,22,15,21,18,9,18,12,11,13,11,260,17,11,11,21,11,12,11,9,9,21,15,11,11,11,17,17,15,14,22,22,18,21,192,19,19,21,9,19,15,12,18,22,21,20,88,9,18,17,18,9,15,12,10,19,12
55,17,9,48,11,24,17,10,24,19,17,14,24,20,16,24,12,15,12,16,10,18,15,12,13,12,20,12,12,62,8,8,12,13,14,12,12,12,12,11,12,12,18,14,13,11,20,12,256,8,12,9,26,13,15,24,17,15,47,15,13,12,13,13,0,10,11,20,14,12,12,17,15,16,199,12,13,24,152,8,15,17,16,8,17,10,10,12,12,10,15,16,16,15,12,14,12,24,26,17,12,12,14,15,10,40,24,10,9,50,18,24,8,24,9,13,327,8,8,10,15,11,16,18,11,18,18,13,10,8,10,12,12,14,12,20,12,16,17,10,11,26,13,17,12,10,11,18,12,10,10,10,10,10,15,10,10,24,12,12,16,12,13,20,24,11,15,12,12,14,267,10,24
11,11,143,13,11,11,11,13,11,179,17,12,11,20,13,11,11,18,10,15,12,289,15,10,12,20,20,15,12,13,11,171,15,9,11,13,18,10,11,13,12,15,289,15,22,13,20,9,98,232,12,12,19,17,13,11,14,9,47,9,17,13,10,17,10,0,13,8,15,11,15,10,9,43,9,16,22,11,21,20,11,10,12,178,10,12,10,15,19,12,9,13,12,9,16,16,9,11,19,15,15,9,15,9,10,16,11,9,13,16,142,11,26,26,26,10,8,227,20,20,20,164,20,13,12,12,9,12,13,171,22,17,11,15,9,11,12,13,10,20,18,19,9,10,9,19,231,280,27,12,11,12,211,12,17,20,13,11,13,287,12,16,22,16,11,13,9,13,12,15,12,20,11
9,12,13,13,12,10,12,11,12,13,17,12,12,15,12,10,16,18,12,12,15,22,15,12,15,12,22,12,15,13,204,13,12,12,12,12,12,16,12,13,14,15,22,14,16,13,15,16,90,13,22,15,18,17,22,10,9,17,47,16,17,14,12,17,11,13,0,15,12,15,11,9,12,10,11,12,17,12,11,14,9,12,11,13,9,10,11,12,12,10,16,208,12,22,12,15,17,10,12,12,15,12,15,17,11,10,13,12,270,58,47,12,14,12,15,21,11,13,14,10,16,13,15,8,37,14,12,12,12,13,12,17,12,12,12,15,15,11,9,32,12,14,12,12,17,14,13,22,10,10,12,12,13,15,12,11,14,10,15,13,11,12,17,15,13,12,17,14,15,12,11,11,12
17,11,12,17,22,22,11,10,12,19,12,14,12,325,24,22,15,20,12,24,8,20,15,12,16,18,269,12,15,17,15,11,12,9,14,14,12,12,24,25,8,12,20,14,9,25,278,15,38,12,152,15,35,16,26,21,18,9,38,15,16,12,12,10,20,8,15,0,24,11,9,14,12,12,18,12,16,12,12,12,17,24,11,12,14,9,21,12,12,14,15,12,14,9,15,24,10,21,12,24,9,9,24,12,21,18,12,10,15,18,10,12,12,12,9,11,20,12,12,12,15,9,11,20,22,10,8,9,25,12,8,15,24,24,9,261,9,11,14,14,12,9,11,21,9,12,9,21,21,21,9,14,14,8,11,9,14,12,24,11,10,15,16,314,21,25,15,9,15,24,20,9,12
13,14,12,13,12,238,11,12,12,12,11,9,12,22,12,218,11,15,12,15,12,15,9,12,13,10,22,11,11,13,12,12,11,11,15,10,15,19,11,15,11,13,15,282,18,15,22,11,14,12,21,13,8,13,15,222,11,19,14,10,13,22,18,18,14,15,12,24,0,74,11,12,15,12,14,15,13,12,13,12,13,10,12,12,18,12,12,11,11,10,11,12,9,19,15,200,19,165,11,9,52,11,263,19,12,14,46,46,15,15,15,12,12,12,13,14,14,12,9,12,15,15,103,15,12,11,11,18,15,12,11,9,11,331,15,24,13,12,18,9,15,11,14,11,19,11,15,15,104,12,12,12,12,12,16,12,10,21,159,15,12,15,13,21,123,77,10,13,9,342,75,12,12
13,13,16,13,13,99,13,13,14,16,13,25,14,22,13,99,20,15,14,14,9,9,13,14,16,10,22,181,16,12,13,16,163,9,14,10,17,11,43,17,9,258,9,43,13,16,22,11,12,16,15,16,11,18,15,18,14,19,12,12,15,9,18,18,12,11,15,11,74,0,198,17,15,16,12,17,18,14,12,16,15,9,13,16,9,12,12,182,9,25,11,15,18,14,17,141,12,18,9,9,297,35,109,14,12,12,22,9,15,18,9,14,16,14,16,12,8,16,16,9,12,16,319,8,13,8,14,18,12,16,9,12,166,27,9,11,16,13,9,14,17,9,11,13,19,9,16,9,22,9,18,18,15,9,15,12,10,22,319,72,49,17,13,9,22,17,12,16,16,30,30,12,14
12,13,16,12,12,82,13,13,14,16,13,18,14,22,13,82,8,9,17,14,15,15,13,17,9,10,22,318,9,12,9,16,300,11,11,10,17,18,180,17,9,331,15,11,12,12,22,11,12,16,9,9,9,9,8,18,14,21,12,8,11,13,9,9,12,15,11,9,11,198,0,16,15,16,12,17,11,14,12,10,9,17,13,16,16,12,13,319,91,18,8,11,18,18,17,18,27,10,66,66,331,12,11,18,13,14,14,12,11,12,10,14,13,14,9,13,8,16,13,10,8,16,246,12,10,14,12,14,12,16,12,9,303,11,12,12,9,13,16,9,17,10,13,16,18,28,16,15,9,10,14,18,15,10,15,13,13,14,211,15,13,17,9,12,14,17,18,9,9,11,12,13,14
11,130,10,11,11,82,164,16,15,10,149,14,15,22,16,82,11,9,12,196,8,15,12,12,19,9,22,16,9,11,9,15,17,17,81,9,20,18,75,11,9,16,15,18,15,12,22,11,17,15,12,19,14,11,16,10,11,13,16,14,9,9,12,15,17,10,9,14,12,17,16,0,24,9,17,20,9,11,11,11,11,213,11,10,265,9,9,13,15,9,11,9,14,12,20,12,12,11,13,192,13,17,18,12,9,16,11,9,9,16,17,11,9,8,19,18,17,10,11,17,26,10,13,9,9,11,8,15,12,10,8,17,17,11,17,24,19,16,265,9,20,13,18,162,12,13,10,17,11,17,11,14,10,17,12,9,9,11,9,10,12,20,11,14,11,20,12,19,19,11,9,9,11
9,13,15,9,12,82,13,10,13,15,13,8,13,22,12,82,12,16,12,218,10,9,75,12,19,12,22,15,9,9,12,15,11,11,214,11,12,11,25,20,14,15,9,15,12,20,22,10,15,15,16,9,16,13,17,18,10,11,15,11,15,9,12,18,15,9,12,12,15,15,15,24,0,15,15,13,15,12,20,9,13,17,9,15,64,11,9,15,9,14,12,13,10,11,13,17,13,16,16,22,15,11,8,11,9,15,18,12,12,15,9,10,15,9,19,13,15,15,9,10,10,15,15,17,16,12,16,16,16,15,12,11,11,15,8,9,19,9,25,13,12,16,16,13,11,9,15,9,18,10,12,14,15,10,187,14,10,18,15,15,9,13,13,9,18,17,11,19,19,15,20,14,12
9,14,274,9,23,82,14,13,13,255,13,14,13,22,13,82,9,24,10,42,17,42,12,10,38,23,22,12,38,15,10,177,12,9,15,9,9,18,25,11,12,16,55,9,15,11,22,11,11,238,9,38,24,15,12,12,23,10,23,17,15,29,10,10,16,43,10,12,12,16,16,9,15,0,16,17,15,9,11,169,15,12,17,274,10,17,18,12,12,17,15,9,14,17,17,17,10,12,24,11,16,9,9,10,18,23,11,12,11,23,24,9,257,65,27,18,11,230,127,14,14,178,15,24,23,11,12,10,15,237,12,18,12,12,9,9,38,13,9,19,17,21,18,11,10,12,197,33,13,11,10,14,95,11,12,17,24,11,16,89,17,17,15,9,12,17,17,13,38,12,19,17,12
17,13,16,17,15,48,13,12,14,9,17,9,14,18,13,48,10,16,19,16,12,12,15,19,9,11,18,12,10,18,11,9,12,13,11,14,12,10,12,26,13,12,12,14,13,26,18,10,314,9,18,9,26,13,9,16,73,15,217,8,13,16,14,13,199,9,11,18,14,12,12,17,15,16,0,26,13,14,18,16,13,17,12,16,17,10,14,12,12,10,14,10,9,15,14,14,20,16,18,17,12,13,14,15,14,209,9,10,11,220,12,14,16,14,9,13,264,9,16,12,11,9,28,16,18,18,18,18,18,9,10,9,12,14,13,18,10,12,17,10,26,26,13,17,15,13,9,12,16,12,14,9,9,16,15,14,8,14,28,9,12,26,12,18,16,26,10,9,10,14,104,14,14
8,21,17,15,10,20,20,12,14,17,20,11,14,12,11,20,14,13,14,13,12,16,49,14,11,10,12,17,10,15,21,17,14,14,13,20,266,18,11,185,14,17,16,15,9,74,9,14,26,17,12,11,10,18,17,16,14,24,26,18,18,20,14,12,12,16,12,12,15,17,17,20,13,17,26,0,18,14,11,17,18,20,12,17,20,11,16,17,11,11,18,13,9,24,350,21,23,16,12,20,17,14,12,24,11,26,16,14,12,26,16,14,17,14,11,23,26,17,17,12,14,17,17,13,21,10,14,9,9,17,14,11,14,15,14,12,11,12,20,17,330,21,23,20,24,12,17,16,16,12,14,9,18,12,12,11,20,16,17,14,12,364,18,12,16,217,24,11,19,15,12,11,14
9,12,15,70,12,19,12,13,25,15,12,21,18,21,9,19,14,16,41,13,21,22,14,96,13,11,21,11,13,75,17,15,20,12,15,11,12,16,20,21,13,15,22,13,210,21,21,17,13,17,16,13,15,332,16,12,14,16,13,16,282,15,140,226,13,22,17,16,13,18,11,9,15,15,13,18,0,14,13,15,170,9,21,15,9,14,20,20,20,11,17,17,10,16,18,18,16,18,11,9,13,14,13,16,20,13,14,14,17,13,22,14,15,14,13,15,13,16,15,13,17,15,18,16,12,9,14,179,15,15,14,21,20,13,25,25,13,21,9,10,18,11,15,12,16,20,17,22,18,13,111,21,15,13,14,20,15,14,18,22,21,18,230,16,14,15,16,9,13,13,13,20,20
19,9,14,14,25,19,17,13,290,9,9,11,290,9,13,19,14,12,241,13,9,10,9,252,22,9,9,14,22,14,12,11,14,11,11,11,11,13,9,17,12,14,10,12,64,17,9,11,14,11,13,22,15,43,16,12,14,19,19,22,14,29,152,78,24,11,12,12,12,14,14,11,12,9,14,14,14,0,89,75,14,14,13,15,11,11,15,14,17,11,22,12,10,22,9,12,28,13,17,9,14,11,12,22,15,19,88,11,12,19,11,285,15,191,13,28,24,9,15,9,22,11,14,15,12,9,11,74,17,9,16,17,14,12,11,12,22,13,11,9,14,16,28,17,22,12,9,11,13,9,203,8,8,9,12,15,29,171,14,11,13,14,14,12,101,17,22,13,22,12,24,15,228
168,9,15,161,9,19,11,10,24,11,15,12,24,12,12,19,12,15,41,13,21,18,20,78,9,14,12,12,17,175,9,8,12,9,12,11,11,11,12,14,17,12,18,13,10,11,12,12,21,8,12,9,15,43,16,13,17,16,18,11,10,15,78,78,152,21,11,12,13,12,12,11,20,11,18,11,13,89,0,15,128,11,8,10,9,18,10,12,13,9,12,16,16,11,9,16,10,12,12,12,12,9,13,11,10,18,24,17,11,18,18,24,15,24,9,12,91,10,15,8,11,10,16,15,9,18,18,10,11,10,17,9,12,13,9,9,17,8,11,10,10,10,12,11,11,12,8,18,12,8,12,11,8,8,20,10,15,24,16,12,12,9,13,12,24,9,11,9,17,13,127,10,24
15,15,220,14,9,19,15,10,10,150,9,15,10,12,10,19,14,24,41,13,21,20,12,78,38,24,12,10,12,14,23,72,10,8,9,11,8,18,13,10,12,16,20,9,15,10,12,9,11,133,9,12,13,43,16,12,23,17,23,9,15,139,78,78,8,20,14,12,12,16,10,11,9,169,16,17,15,75,15,0,15,12,10,187,10,10,18,12,13,10,9,9,15,17,21,17,18,12,13,11,16,14,10,18,18,23,11,12,11,23,24,15,279,15,38,18,11,125,237,14,14,73,14,20,23,9,12,15,10,132,12,18,12,12,9,12,38,10,11,19,17,13,18,15,17,13,92,20,13,11,10,15,20,11,12,12,91,15,16,20,11,17,15,12,12,17,9,38,38,12,8,12,15
228,15,10,314,13,13,12,13,14,15,12,21,14,16,15,10,11,15,9,9,12,17,14,14,17,12,16,9,17,319,11,10,9,8,9,13,12,16,20,21,17,15,17,13,12,21,12,11,13,15,16,17,12,220,16,13,29,16,29,11,165,15,14,28,15,11,9,17,13,15,9,11,13,15,13,18,170,14,128,15,0,14,13,14,11,12,20,9,15,9,11,10,11,16,18,18,25,8,11,11,15,8,13,16,20,29,14,17,11,13,17,14,15,14,17,25,13,15,15,13,11,15,15,15,12,29,12,14,21,15,17,20,9,13,25,25,17,13,11,10,18,11,25,12,16,16,15,10,10,13,14,21,10,13,14,20,10,14,15,8,13,18,243,16,14,15,11,21,17,13,9,20,20
11,242,10,11,11,14,276,16,14,10,261,12,14,16,16,14,11,17,9,144,8,17,14,9,19,11,16,17,14,11,12,10,17,8,29,9,20,16,14,15,15,17,10,13,11,12,24,9,17,12,21,19,17,89,16,10,11,12,11,14,89,11,9,28,17,10,12,24,10,9,17,213,17,12,17,20,9,14,11,12,14,0,11,10,267,10,10,17,15,10,11,9,12,12,20,11,12,14,14,299,13,8,11,12,10,16,9,8,12,16,17,17,9,8,19,38,10,11,9,8,26,11,13,17,12,11,8,9,12,11,8,13,17,11,8,24,19,16,296,9,20,14,55,274,12,13,11,10,14,8,11,12,11,8,21,10,9,9,9,11,12,20,11,24,9,20,12,19,19,11,9,10,17
11,12,17,12,19,16,12,322,13,12,8,12,13,9,132,16,12,12,14,8,265,12,13,21,17,11,9,13,17,12,12,12,13,12,11,11,12,14,11,19,17,13,12,12,21,19,8,15,12,12,23,17,12,39,10,16,13,14,13,13,39,11,21,28,16,12,11,11,12,13,13,11,9,17,12,12,21,13,8,10,13,11,0,12,8,8,21,13,10,12,12,11,12,15,12,13,14,16,10,10,13,12,12,14,21,13,13,12,11,12,11,13,17,13,17,12,12,12,11,267,15,12,13,12,12,9,12,21,12,12,12,9,13,12,12,8,17,375,81,95,51,51,51,51,51,51,45,45,45,253,45,45,45,276,45,45,45,32,12,12,348,12,13,13,13,11,15,66,17,12,12,21,13
11,10,392,9,12,12,10,13,10,390,10,11,10,9,13,12,9,20,10,16,12,177,17,10,12,23,9,11,38,15,10,306,9,9,15,9,18,10,10,13,12,16,190,9,15,13,9,9,9,373,9,38,24,15,13,12,23,10,23,17,15,47,10,10,8,178,13,12,12,16,16,10,15,274,16,17,15,15,10,187,14,10,12,0,10,17,18,12,19,17,15,13,14,9,17,17,10,12,24,10,16,9,9,10,18,23,11,12,13,23,30,15,275,65,27,10,8,365,145,14,14,299,14,24,23,11,12,10,13,365,12,18,10,12,9,9,38,13,10,19,17,21,12,10,10,19,332,168,27,12,10,14,230,12,17,17,24,11,16,224,12,17,15,9,12,17,17,13,38,12,12,17,15
9,184,68,11,11,9,218,16,11,10,203,12,11,14,16,9,11,10,12,236,8,10,13,12,19,11,24,16,14,11,9,12,16,17,121,9,20,12,13,11,14,16,17,18,11,12,14,11,17,15,12,19,14,11,16,10,16,12,11,14,9,11,12,10,17,10,9,14,18,9,16,265,64,10,17,20,9,11,9,10,11,267,8,10,0,10,25,13,15,10,11,9,12,12,13,12,12,11,13,246,13,17,18,12,10,16,11,9,9,16,15,11,9,8,19,13,17,10,11,17,26,11,13,10,9,11,8,9,12,10,8,13,17,11,17,14,19,16,320,9,20,13,13,216,12,13,11,10,11,17,11,12,11,17,15,10,9,11,9,11,12,13,11,14,11,20,12,19,19,11,9,10,11
12,10,68,12,14,12,10,14,19,17,88,184,19,9,8,12,11,10,19,16,8,10,11,19,14,8,11,9,13,9,10,17,9,27,8,9,9,9,16,11,11,25,17,12,19,11,9,11,15,17,11,13,16,11,11,12,10,12,11,11,11,12,19,19,10,12,10,9,12,12,12,9,11,17,10,11,14,11,18,10,12,10,8,17,10,0,105,9,9,243,11,15,143,9,9,25,9,12,9,10,12,27,10,9,144,10,8,11,10,10,10,11,17,11,13,8,15,17,12,14,11,17,12,10,14,9,14,19,8,17,11,19,9,12,27,9,13,14,10,12,9,14,8,10,9,9,17,10,8,14,19,132,96,14,8,216,11,11,12,17,14,9,11,9,12,11,11,13,13,12,9,231,11
13,13,21,13,12,12,13,21,15,18,13,27,15,21,9,12,12,13,12,16,21,10,8,12,11,9,21,15,11,10,20,18,15,15,9,9,16,19,12,17,9,13,17,12,12,17,21,9,15,18,21,8,21,13,13,12,14,19,14,19,10,9,12,10,10,10,11,21,12,12,13,9,9,18,14,16,20,15,10,18,20,10,21,18,25,105,0,15,12,77,19,24,27,19,16,10,10,12,21,10,13,12,10,19,344,14,8,11,13,14,10,12,18,17,8,15,10,18,18,16,19,18,20,13,12,14,9,12,17,18,15,225,12,12,12,15,8,9,10,24,16,21,17,13,10,21,18,10,8,16,12,27,17,16,11,260,9,15,12,17,9,16,20,21,12,16,19,11,8,12,10,276,15
12,13,21,20,11,8,13,13,14,12,13,18,14,12,13,8,12,12,17,11,10,15,13,17,9,11,12,355,9,20,12,15,362,11,11,10,17,18,258,17,9,315,15,11,14,9,12,12,12,15,12,9,9,20,12,18,31,21,12,8,19,13,9,9,12,15,12,12,11,182,319,13,15,12,12,17,20,14,12,12,9,17,13,12,13,9,15,0,170,18,12,12,18,18,17,11,27,10,145,119,315,12,24,18,15,31,14,12,12,12,12,14,13,14,9,13,12,12,13,10,11,12,230,12,11,14,12,14,14,12,12,12,382,11,12,12,9,13,16,12,17,27,13,16,18,107,12,15,9,10,14,18,15,10,15,13,13,14,195,15,13,17,9,12,14,17,18,9,9,11,12,13,14
11,13,21,11,17,8,15,10,17,19,12,10,17,12,11,8,21,12,12,16,10,10,14,12,9,17,12,128,12,11,12,13,153,18,9,17,11,18,251,12,9,87,10,11,11,12,12,12,11,13,9,9,42,11,12,11,31,18,13,11,9,13,12,12,12,19,12,12,11,9,91,15,9,12,12,11,20,17,13,13,15,15,10,19,15,9,12,170,0,9,21,12,12,18,11,11,27,8,242,119,87,18,11,18,12,31,9,12,12,13,12,11,13,17,9,13,12,19,13,10,21,19,10,12,17,12,12,15,12,19,12,12,218,11,18,12,12,10,15,12,24,124,13,15,18,204,19,19,11,10,11,10,19,10,17,13,17,17,10,19,10,11,11,12,9,12,21,9,12,11,12,11,11
9,10,21,9,10,8,10,10,19,17,10,230,19,12,10,8,11,12,19,16,12,14,27,19,13,10,11,18,13,9,10,17,18,27,14,12,9,18,109,11,11,25,17,10,19,11,12,11,15,17,11,13,22,11,11,8,10,9,10,11,11,10,19,19,10,12,10,14,10,25,18,9,14,17,10,11,11,11,9,10,9,10,12,17,10,243,77,18,9,0,11,15,189,9,27,27,9,8,22,10,25,27,10,9,116,10,8,11,10,10,10,11,17,11,13,8,10,17,12,12,11,17,25,18,8,9,11,19,16,17,11,19,18,10,27,14,13,10,10,12,9,22,8,10,9,22,17,10,8,12,19,178,96,12,8,188,15,8,25,17,12,27,27,27,8,11,11,13,13,10,9,203,11
11,16,17,11,11,11,18,15,22,15,8,11,10,15,9,11,236,21,22,16,12,10,12,22,9,11,15,11,20,11,16,9,12,18,11,10,18,181,12,18,20,14,10,11,14,14,15,292,12,9,15,20,19,9,21,11,63,128,10,250,9,12,22,12,15,9,16,15,11,11,8,11,12,15,14,18,17,22,12,9,11,11,12,15,11,11,19,12,21,11,0,16,19,163,18,14,12,11,12,11,19,20,11,141,19,10,11,13,16,10,10,22,9,11,10,16,12,9,12,12,256,9,11,21,11,164,18,14,10,9,20,19,12,12,18,13,20,15,12,12,18,21,16,12,113,12,12,10,11,12,22,19,9,12,12,19,12,11,14,9,12,18,10,15,11,18,300,9,20,11,12,19,10
18,15,17,18,14,10,15,11,12,13,14,12,12,12,11,10,94,11,12,16,9,13,11,12,15,20,22,12,15,18,114,13,12,12,12,19,15,22,11,13,12,15,13,12,16,13,12,16,10,13,22,15,14,17,22,10,63,22,10,16,17,19,12,17,16,13,208,12,12,15,11,9,13,9,10,13,17,12,16,9,10,9,11,13,9,15,24,12,12,15,16,0,12,22,15,15,22,10,9,9,15,12,15,22,24,10,10,12,180,58,47,12,11,12,15,8,10,13,11,9,16,13,15,12,14,16,12,12,12,13,12,16,11,12,12,10,15,11,9,140,13,14,8,9,22,9,13,13,10,9,12,12,13,16,13,24,19,10,15,13,11,13,18,15,10,13,17,10,15,12,9,24,12
16,10,17,16,10,9,12,12,19,14,12,284,19,8,12,9,94,10,19,16,10,12,27,19,13,17,11,18,13,16,32,8,18,27,8,17,9,11,11,15,12,18,12,9,19,80,8,10,9,8,11,13,22,15,11,8,63,12,9,19,15,15,19,19,16,12,12,14,9,18,18,14,10,14,9,9,10,10,16,15,11,12,12,14,12,143,27,18,12,189,19,12,0,19,27,27,9,8,22,12,18,27,9,19,27,9,8,11,12,9,12,8,15,8,13,10,14,9,15,10,19,9,18,18,16,16,16,19,86,16,16,11,18,9,27,14,13,12,12,12,9,22,10,12,19,22,8,12,8,10,19,273,96,10,14,88,17,8,18,12,10,27,27,27,11,9,19,13,13,9,14,103,20
10,16,17,10,12,19,12,15,22,9,12,19,22,12,9,19,79,21,19,11,9,9,13,19,9,10,12,18,10,10,16,9,18,17,11,14,18,330,18,24,17,10,9,19,15,24,12,45,15,9,11,10,11,16,21,19,63,296,12,250,16,8,19,18,15,9,22,9,19,14,18,12,11,17,15,24,16,22,11,17,16,12,15,9,12,9,19,18,18,9,163,22,19,0,18,19,102,10,18,18,19,15,19,309,19,12,10,17,22,22,11,19,15,13,9,16,15,9,17,13,196,9,19,21,12,12,17,17,11,9,17,19,21,19,17,13,9,15,12,17,17,17,16,12,281,13,9,9,13,13,19,9,9,13,13,19,15,13,19,9,13,18,16,9,10,24,289,9,9,19,19,19,19
9,21,17,12,10,16,20,12,9,17,20,27,9,13,11,16,15,13,20,13,12,16,125,20,11,10,15,17,12,9,10,17,14,14,13,20,265,18,11,137,14,17,16,15,9,26,12,9,14,17,15,12,11,14,17,16,14,18,14,18,14,21,20,20,12,16,12,15,15,17,17,20,13,17,14,350,18,9,9,21,18,20,12,17,13,9,16,17,11,27,18,15,27,18,0,12,23,16,12,20,17,14,12,18,11,14,16,14,12,14,16,9,21,12,11,23,12,17,21,12,13,17,17,13,10,10,14,20,18,17,14,13,14,15,14,12,11,12,20,17,317,21,23,20,18,11,17,16,16,12,20,27,10,12,54,10,20,16,17,14,12,409,14,13,16,169,18,11,19,15,12,9,12
8,11,16,8,13,22,11,13,12,17,11,27,12,24,8,16,11,15,12,14,13,15,10,18,11,10,24,11,16,8,13,16,11,11,12,10,12,19,11,16,12,78,15,170,13,16,24,11,14,16,15,16,11,13,15,11,14,19,14,14,13,8,18,18,14,16,15,24,200,141,18,12,17,17,14,21,18,12,16,17,18,11,13,17,12,25,10,11,11,27,14,15,27,19,12,0,12,22,11,11,117,11,236,19,10,14,22,8,15,14,9,12,16,12,16,12,14,9,13,12,19,16,168,11,13,11,10,13,15,16,8,12,11,154,11,24,16,12,9,14,12,9,11,11,19,11,15,15,22,12,12,12,15,12,9,10,10,15,224,15,12,12,13,24,22,12,19,16,16,157,24,10,15
25,19,12,25,10,19,12,14,28,10,12,13,28,10,12,19,9,11,28,16,14,9,14,28,30,21,13,27,12,25,14,12,27,15,13,21,23,176,27,24,17,11,9,19,16,24,13,9,20,12,11,12,11,16,12,19,12,151,18,22,16,27,28,16,12,9,17,10,19,12,27,12,13,10,20,23,16,28,10,18,25,12,14,10,12,9,10,27,27,9,12,22,9,102,23,12,0,13,18,12,11,16,19,164,10,10,26,17,14,18,13,28,10,26,30,231,12,10,18,14,10,10,11,11,10,8,17,16,13,10,17,13,27,19,17,10,30,14,12,17,23,16,143,12,152,28,11,9,26,14,28,13,11,14,15,10,27,26,12,10,14,23,16,13,26,24,60,30,30,19,12,10,28
25,19,12,25,28,231,14,16,12,12,12,11,12,22,10,227,11,18,16,15,16,15,12,16,13,28,22,10,12,25,12,12,10,15,15,9,15,11,11,17,12,22,15,63,18,17,22,11,24,12,21,13,14,12,10,232,18,10,8,10,12,11,16,16,24,11,10,21,165,18,10,11,16,12,16,16,18,13,12,12,8,14,16,12,11,12,12,10,8,8,11,10,8,10,16,22,13,0,18,9,22,11,22,11,12,10,158,75,15,15,15,12,12,45,13,18,24,12,11,16,10,12,22,11,28,11,15,12,12,12,11,11,18,129,15,12,13,16,11,13,16,18,18,9,11,16,12,15,216,16,12,12,12,16,18,12,9,133,22,11,16,16,20,21,235,77,11,13,9,137,24,12,34
11,13,13,11,17,26,13,10,17,24,16,22,17,12,11,26,21,77,11,16,10,10,15,16,12,17,12,103,12,11,12,10,128,12,16,18,11,18,227,12,9,62,10,11,11,12,12,12,26,24,9,12,218,11,12,26,13,18,18,11,11,13,11,11,26,19,12,12,11,9,66,13,16,24,18,12,11,17,12,13,11,14,10,24,13,9,21,145,242,22,12,9,22,18,12,11,18,18,0,21,62,62,62,60,47,47,47,47,47,47,47,47,45,45,45,45,40,24,16,16,21,16,16,146,17,12,12,11,12,24,12,21,193,99,96,96,35,10,16,12,12,282,12,16,18,269,10,15,14,10,17,22,24,10,17,13,18,18,10,15,10,12,11,24,26,12,18,9,12,11,12,21,21
11,237,10,11,11,14,271,16,9,12,257,12,9,24,16,14,12,17,9,124,10,17,21,9,19,11,24,103,9,11,12,12,119,8,25,9,20,12,14,11,9,62,17,11,11,12,24,11,17,12,21,19,17,11,16,9,11,18,11,14,11,11,9,15,17,15,12,24,9,9,66,192,22,11,17,20,9,9,12,11,11,299,10,10,246,10,10,119,119,10,11,9,12,18,20,11,12,9,21,0,17,13,13,12,13,11,14,10,12,10,17,9,9,11,19,34,17,10,9,8,14,10,17,17,12,11,9,15,12,10,20,15,13,11,8,24,19,17,276,14,20,16,51,269,12,16,10,17,9,8,15,12,10,8,21,10,19,14,9,10,17,20,11,24,9,20,14,19,20,11,9,10,9
12,13,16,12,10,11,13,13,14,16,13,18,14,12,13,11,20,15,17,14,10,15,13,17,16,10,12,314,16,12,13,16,296,11,14,10,17,10,175,17,9,391,15,22,13,12,12,14,12,16,15,16,11,18,15,18,14,19,12,8,15,13,18,18,12,15,15,9,52,297,331,13,15,16,12,17,13,14,12,16,15,13,13,16,13,12,13,315,87,25,19,15,18,19,17,117,11,22,62,17,0,18,88,10,25,14,22,9,15,12,10,14,13,14,16,11,8,15,13,10,19,16,345,12,10,14,9,13,12,16,9,12,299,11,18,12,16,13,16,11,17,10,11,16,10,24,15,15,22,10,14,18,15,10,11,25,13,22,310,15,13,17,15,12,22,17,14,16,16,11,12,25,14
8,8,9,9,11,11,8,10,15,9,13,27,15,9,12,11,18,9,11,17,12,15,8,11,12,9,9,12,13,9,11,15,12,262,17,10,14,16,167,12,102,18,15,11,11,10,9,18,13,15,9,17,9,9,9,11,13,15,13,18,9,13,11,11,12,9,12,9,11,35,12,17,11,9,13,14,14,11,9,14,8,8,12,9,17,27,12,12,18,27,20,12,27,15,14,11,16,11,62,13,18,0,11,16,15,13,15,113,9,13,15,15,14,15,12,12,12,9,14,12,18,12,18,9,11,11,168,11,10,9,146,9,12,11,263,9,11,12,17,12,25,10,12,8,16,18,9,9,13,10,11,11,16,12,17,27,16,15,9,9,12,25,14,9,15,14,18,12,10,11,10,27,15
13,14,9,13,10,85,11,12,12,9,13,9,12,12,11,65,9,15,12,14,12,15,9,18,16,10,12,11,16,13,12,15,11,11,8,10,12,19,133,16,9,49,15,233,13,16,12,11,14,9,15,16,11,13,17,71,8,19,14,14,13,22,18,18,14,15,15,24,263,109,11,18,8,9,14,12,13,12,13,10,13,11,12,9,18,10,10,24,11,10,11,15,9,19,12,236,19,22,62,13,88,11,0,19,10,14,22,8,15,14,15,12,9,15,16,14,14,9,9,12,19,15,139,15,10,11,10,13,15,9,13,9,11,217,11,12,16,12,9,9,12,9,14,11,19,12,15,15,22,12,12,12,15,12,9,10,10,15,195,15,12,12,13,12,22,9,19,16,16,220,24,10,15
10,16,10,10,12,19,12,14,22,10,12,19,22,12,12,19,8,21,13,11,14,9,13,13,30,10,12,18,30,10,16,10,18,17,11,10,18,371,60,24,19,10,9,19,15,24,12,23,15,10,11,30,11,16,21,19,12,345,12,229,16,8,9,18,15,9,17,12,19,14,18,12,11,10,15,24,16,22,11,18,16,12,14,10,12,9,19,18,18,9,141,22,19,309,18,19,164,11,60,12,10,16,19,0,19,12,10,17,16,15,12,22,10,13,30,16,12,10,18,14,174,10,19,21,12,8,17,15,11,10,17,19,18,19,17,12,30,14,12,17,18,16,16,12,331,28,10,9,13,14,22,9,11,14,13,19,11,13,19,10,14,18,16,13,10,18,267,30,30,19,12,19,13
13,13,18,13,12,12,13,21,15,18,13,57,15,21,9,12,12,13,12,9,21,10,8,12,9,9,21,15,11,10,20,18,15,15,9,11,10,19,47,17,15,25,17,12,12,17,21,11,15,18,21,8,21,13,13,12,14,19,14,19,10,11,12,10,10,10,11,21,12,12,13,9,9,18,14,11,20,15,10,18,20,10,21,18,10,144,344,15,12,116,19,24,27,19,11,10,10,12,47,13,25,15,10,19,0,41,41,41,41,41,41,41,18,16,16,16,17,18,18,21,19,18,12,15,12,14,15,12,17,18,15,163,12,12,11,11,9,9,13,24,11,21,15,13,10,21,18,18,18,21,15,27,10,21,8,299,9,15,12,10,9,11,13,21,12,17,19,9,11,12,10,314,48
17,16,23,17,15,8,16,13,19,23,11,9,19,18,9,12,10,16,13,16,13,12,15,13,9,14,18,12,10,18,10,23,31,13,11,14,11,12,47,26,13,14,12,14,13,26,18,33,154,23,18,9,13,29,11,12,225,12,338,15,13,16,13,13,40,16,10,18,14,12,14,16,15,23,209,26,13,19,18,23,29,16,13,23,16,10,14,31,31,10,10,10,9,12,14,14,10,10,47,11,14,13,14,12,41,0,10,13,10,256,12,14,23,19,10,10,103,23,22,13,12,23,28,16,15,100,24,13,9,23,13,14,31,14,13,13,10,13,16,16,26,14,10,16,12,13,23,12,8,13,13,9,16,13,15,14,9,19,28,12,13,26,29,18,19,26,12,9,10,14,28,14,19
19,9,12,19,12,113,9,13,110,11,14,8,162,12,13,109,11,15,39,11,14,15,11,50,12,28,12,14,9,19,13,11,14,15,11,12,12,10,47,14,15,22,15,15,9,17,12,33,24,11,14,12,15,14,10,113,15,10,19,10,14,9,8,12,24,11,13,12,46,22,14,11,18,11,9,16,14,88,24,11,14,9,13,11,11,8,8,14,9,8,11,10,8,10,16,22,26,158,47,14,22,15,22,10,41,10,0,15,13,19,15,153,11,224,12,26,24,11,11,14,10,11,22,15,12,11,15,16,16,16,15,11,14,11,15,12,9,13,11,9,16,16,18,14,10,14,11,15,241,14,10,8,11,12,18,8,11,312,22,11,13,16,14,12,338,14,11,12,11,19,24,8,213
17,13,12,17,11,9,8,9,15,12,10,12,15,8,8,9,18,9,11,20,12,9,13,11,20,12,10,12,60,17,11,9,12,179,9,16,14,17,47,17,252,9,9,14,9,17,8,33,10,12,10,20,9,9,10,75,13,17,15,18,9,11,11,11,10,9,12,10,46,9,12,9,12,12,10,14,14,11,17,12,17,8,12,12,9,11,11,12,12,11,13,12,11,17,14,8,17,75,47,10,9,113,8,17,41,13,15,0,11,13,15,15,12,15,20,13,10,12,12,12,18,12,8,9,11,11,212,11,12,12,263,9,12,12,190,9,57,12,15,12,25,12,13,12,17,12,9,19,19,10,11,12,9,12,12,15,16,15,8,9,12,25,14,8,15,17,18,20,60,11,10,15,15
9,12,13,9,43,10,12,11,12,13,12,12,12,15,11,10,16,11,12,12,15,22,12,12,14,20,15,12,14,9,259,13,12,9,12,9,12,16,47,13,14,15,22,12,16,13,15,33,10,13,12,14,14,17,12,15,10,16,10,16,17,14,12,17,9,13,270,15,15,15,11,9,12,11,11,12,17,12,11,11,11,12,11,13,9,10,13,12,12,10,16,180,12,22,12,15,14,15,47,12,15,9,15,16,41,10,13,11,0,12,21,12,11,12,14,12,11,13,11,15,16,13,15,14,91,13,11,12,12,13,11,17,12,12,9,15,14,11,9,15,13,9,12,12,16,12,13,22,13,15,12,13,13,15,11,13,14,13,15,13,11,13,17,15,13,13,16,14,14,12,13,13,12
17,16,23,17,15,10,16,12,19,23,10,9,19,18,9,12,10,16,19,16,12,9,15,19,10,14,18,12,10,18,10,23,12,13,11,10,11,15,47,26,13,12,9,14,9,26,18,33,165,23,18,9,18,13,9,15,120,22,264,15,13,16,14,10,50,16,58,18,15,18,12,16,15,23,220,26,13,19,18,23,13,16,12,23,16,10,14,12,13,10,10,58,9,22,14,14,18,15,47,10,12,13,14,15,41,256,19,13,12,0,12,19,23,19,9,12,114,23,23,12,9,23,28,16,18,18,18,18,18,23,10,9,13,14,13,18,10,12,10,10,26,18,19,10,15,13,23,9,15,15,14,9,9,12,15,14,8,19,28,9,12,26,13,18,19,26,10,9,10,14,18,14,19
18,15,24,18,14,11,15,11,11,31,10,12,11,20,8,9,10,11,10,15,15,254,16,10,12,14,12,13,12,18,22,24,12,15,9,9,11,12,47,11,12,10,224,15,22,11,14,33,12,85,12,12,12,17,14,15,12,9,15,13,22,15,10,22,18,142,47,10,15,9,10,17,9,24,12,16,22,11,18,24,17,17,11,30,15,10,10,12,12,10,10,47,12,11,16,9,13,15,47,17,10,15,15,12,41,12,15,15,21,12,0,10,24,10,12,12,12,79,24,12,12,19,12,12,12,12,15,12,11,23,15,17,12,15,15,20,12,11,17,12,9,12,9,15,12,12,83,208,11,12,10,12,63,12,9,10,15,15,9,139,11,16,17,11,11,11,12,12,12,15,12,10,10
19,9,12,9,25,12,15,13,307,9,9,11,350,9,13,12,9,12,236,9,9,10,10,247,22,9,9,14,13,9,12,9,14,15,11,29,9,13,47,14,13,14,10,12,59,14,9,22,14,9,10,13,15,14,8,12,9,19,19,22,14,29,147,31,24,11,12,12,12,14,14,11,10,9,14,14,14,285,24,15,14,17,13,15,11,11,12,14,11,11,22,12,8,19,9,12,28,12,47,9,14,15,12,22,41,14,153,15,12,19,10,0,15,256,13,28,24,9,11,9,22,11,14,15,12,9,15,69,14,9,15,17,14,12,15,12,22,13,11,9,14,16,28,17,22,11,9,11,56,9,198,8,8,9,12,15,29,236,14,11,13,14,14,12,166,14,22,13,22,12,24,15,293
15,15,304,9,12,12,15,13,10,238,9,15,10,12,13,13,9,24,10,15,17,21,12,10,38,23,12,13,9,15,10,156,13,8,15,9,9,10,45,10,9,13,34,9,15,10,12,9,11,217,9,9,13,15,11,12,23,10,23,9,15,162,10,15,8,26,14,12,12,16,13,9,15,257,16,17,15,15,15,279,15,9,17,275,9,17,18,13,13,17,9,11,15,15,21,16,10,12,45,9,13,14,9,10,18,23,11,12,11,23,24,15,0,14,11,15,8,208,260,71,71,157,18,17,13,13,13,13,13,215,19,18,13,12,8,12,11,13,9,19,17,13,18,9,10,13,180,44,44,44,31,31,74,22,22,20,114,14,16,69,17,17,15,12,12,10,9,13,11,12,8,17,14
19,9,14,9,9,12,8,13,213,65,11,8,265,9,13,12,11,12,142,15,9,10,11,153,9,9,9,14,9,9,12,11,14,15,9,12,12,13,45,14,15,14,10,12,11,17,9,11,14,9,11,12,15,14,16,12,15,13,19,13,14,9,53,12,24,26,12,12,12,14,14,8,9,65,14,14,14,191,24,15,14,8,13,65,8,11,17,14,17,11,11,12,8,13,12,12,26,45,45,11,14,15,15,13,16,19,224,15,12,19,10,256,14,0,12,26,24,11,11,9,13,9,14,16,15,11,15,11,14,12,15,14,14,12,15,9,12,13,8,9,14,9,11,8,13,9,11,10,127,9,104,11,11,9,11,15,9,308,14,11,13,14,14,14,237,14,13,12,13,12,24,15,316
21,14,9,17,8,13,14,10,13,27,14,14,13,16,117,13,10,13,22,19,17,12,15,22,343,12,16,9,217,17,14,8,9,12,19,10,9,30,45,11,161,16,12,11,9,12,16,10,13,12,9,303,13,17,16,13,10,30,9,9,9,11,13,9,9,26,15,9,13,16,9,19,19,27,9,11,13,13,9,38,17,19,17,27,19,13,8,9,9,13,10,15,13,9,11,16,30,13,45,19,16,12,16,30,16,10,12,20,14,9,12,13,11,12,0,10,13,12,38,17,10,11,16,13,14,10,20,12,12,11,31,29,9,13,12,16,319,28,19,17,11,12,15,14,30,9,12,12,13,17,13,17,17,17,15,13,11,12,16,12,17,11,17,16,13,11,9,294,223,13,13,13,22
25,169,15,25,12,14,118,12,28,10,101,13,28,11,12,14,9,17,28,13,12,12,14,28,10,12,13,13,10,25,12,12,13,13,13,24,23,25,45,21,13,11,12,14,17,14,13,18,13,14,12,14,17,12,15,14,18,27,12,16,12,27,28,17,13,10,21,11,14,12,13,18,13,18,13,23,15,28,12,18,25,38,12,10,13,8,15,13,13,8,16,8,10,16,23,12,231,18,45,34,11,12,14,16,16,10,26,13,12,12,12,28,15,26,10,0,13,12,18,15,16,9,11,17,12,14,13,17,14,12,13,15,13,14,13,11,10,15,13,8,23,12,293,102,27,13,9,9,26,15,28,10,9,15,15,13,27,26,12,9,15,23,15,13,26,21,16,9,10,14,20,13,28
18,13,9,16,11,24,13,12,24,8,17,14,24,20,16,24,14,15,19,16,10,12,15,19,13,11,20,12,11,18,11,9,12,13,14,10,12,12,40,26,9,8,12,14,13,26,20,12,321,9,12,8,26,13,15,24,9,15,112,15,13,12,13,13,327,8,11,20,14,8,8,17,15,11,264,26,13,24,91,11,13,10,12,8,17,15,10,12,12,10,12,10,14,15,12,14,12,24,40,17,8,12,14,12,17,103,24,10,11,114,12,24,8,24,13,13,0,8,8,10,15,11,8,18,11,18,18,13,10,8,10,12,12,14,12,20,8,16,17,10,26,26,13,13,12,13,11,12,24,10,10,10,10,10,15,10,10,24,24,8,16,26,13,20,24,26,15,13,8,14,231,10,24
11,14,331,11,23,12,11,13,9,366,10,11,9,12,13,12,9,27,9,15,12,226,16,11,12,23,9,12,12,15,10,306,12,9,15,24,18,10,16,13,12,15,239,9,22,13,12,9,9,414,9,12,27,22,13,12,23,10,23,17,22,13,11,22,8,227,13,12,12,16,16,10,15,230,9,17,16,9,10,125,15,11,12,365,10,17,18,12,19,17,9,13,9,9,17,9,10,12,24,10,15,9,9,10,18,23,11,12,13,23,79,9,208,11,12,12,8,0,83,12,15,299,15,24,23,11,12,11,13,358,14,18,10,12,9,12,12,13,10,19,17,21,12,10,10,19,381,217,27,12,11,14,263,12,17,17,24,11,15,273,12,17,22,16,12,17,17,13,12,12,12,17,12
15,15,178,9,11,12,15,11,10,108,9,15,10,12,11,12,12,27,10,11,8,20,12,10,38,24,12,13,9,9,10,78,13,8,9,11,8,18,16,10,9,13,20,9,15,10,12,12,11,131,11,9,13,15,9,8,22,17,23,9,15,186,10,15,8,20,14,12,9,16,13,11,9,127,16,17,15,15,15,237,15,9,11,145,11,12,18,13,13,12,12,11,15,17,21,13,18,11,16,9,13,14,9,18,18,22,11,12,11,23,24,11,260,11,38,18,8,83,0,11,9,31,16,20,11,10,12,15,10,90,12,18,13,9,9,12,38,11,11,19,8,13,18,15,17,13,50,20,13,11,10,15,20,11,11,13,138,11,16,20,11,8,15,12,11,10,12,10,38,10,10,12,15
11,9,72,12,19,16,8,214,9,14,8,10,9,8,24,16,12,27,10,10,319,17,13,21,17,13,8,10,17,12,10,19,10,12,10,11,12,14,16,19,17,10,17,12,21,10,8,12,12,72,23,17,27,21,10,16,14,14,13,9,10,17,21,21,10,20,10,12,12,9,10,17,10,14,12,12,13,9,8,14,13,8,267,14,17,14,16,10,10,12,12,9,10,13,12,12,14,16,16,8,10,12,12,14,21,13,14,12,15,12,12,9,71,9,17,15,10,12,11,0,9,12,9,12,13,12,12,21,14,12,12,9,10,12,12,8,17,275,89,171,59,59,59,59,59,59,53,53,53,326,53,53,53,343,53,53,53,40,19,19,274,13,13,13,14,11,9,17,17,12,12,21,9
11,16,72,11,12,10,18,15,22,14,14,19,22,15,24,10,82,27,22,12,9,17,13,22,10,24,15,11,9,11,16,19,11,20,11,14,18,214,21,18,18,14,17,10,17,14,15,138,12,72,15,12,27,18,24,10,12,161,9,283,18,9,22,18,15,20,16,15,15,12,8,26,10,14,11,14,17,22,11,14,11,26,15,14,26,11,19,11,21,11,256,16,19,196,13,19,10,10,21,14,19,18,19,174,19,12,10,18,16,9,12,22,71,13,10,16,15,15,9,9,0,9,19,21,11,10,18,17,10,9,18,19,21,15,18,13,10,15,11,9,18,21,16,26,146,21,9,9,24,9,22,19,9,9,11,19,9,13,15,9,14,18,18,15,11,18,289,9,9,15,12,19,13
11,10,279,11,23,12,11,13,11,299,10,9,11,9,24,12,9,27,9,15,12,163,17,11,11,23,9,12,12,15,9,298,12,9,15,12,18,10,16,13,12,16,176,15,15,13,9,9,9,299,9,12,27,15,13,12,23,10,23,15,15,13,11,9,11,164,13,9,15,16,16,10,15,178,9,17,15,11,10,73,15,11,12,299,11,17,18,12,19,17,9,13,9,9,17,16,10,12,16,10,16,12,15,10,18,23,11,12,13,23,19,11,157,9,11,9,11,299,31,12,9,0,16,13,11,14,9,9,13,299,20,18,10,12,10,11,10,13,12,20,17,10,12,12,10,10,299,153,48,21,11,11,216,12,17,17,13,11,16,211,12,17,15,11,12,13,9,13,9,15,8,17,11
12,13,19,12,10,18,13,13,14,15,13,25,14,11,13,18,20,16,14,14,9,17,13,14,16,10,11,229,16,12,13,17,211,11,11,10,17,19,98,17,9,306,17,73,13,16,11,11,28,19,15,16,16,18,15,11,14,19,28,12,15,16,18,18,16,20,15,11,103,319,246,13,15,15,28,17,18,14,16,14,15,13,13,14,13,12,20,230,10,25,11,15,18,19,17,168,11,22,16,17,345,18,139,19,12,28,22,8,15,28,12,14,18,14,16,11,8,15,16,9,19,16,0,11,10,14,8,13,15,16,9,12,214,57,18,9,16,13,16,14,17,10,11,16,19,10,15,13,22,9,12,18,15,9,11,9,10,14,361,15,13,17,15,9,22,17,19,16,16,60,16,11,14
10,17,13,11,13,15,17,12,15,24,17,10,15,20,13,15,12,363,11,16,12,13,11,16,13,13,20,12,13,11,15,13,12,9,17,18,17,21,12,9,12,12,13,15,16,9,20,15,16,13,121,13,220,15,209,15,12,21,16,24,15,13,16,12,18,13,8,20,15,8,12,9,17,24,16,13,16,15,15,20,15,17,12,24,10,10,13,12,12,18,21,12,18,21,13,11,11,11,146,17,12,9,15,21,15,16,15,9,14,16,12,15,17,16,13,17,18,24,20,12,21,13,11,0,15,12,27,16,9,24,20,15,12,15,27,12,13,12,10,10,13,128,17,17,21,34,13,13,11,12,16,10,13,12,16,13,18,16,14,13,12,13,11,20,16,11,21,13,13,15,15,13,16
14,24,13,14,230,28,12,19,12,23,12,9,12,22,9,12,11,86,12,12,13,12,8,12,14,138,12,11,14,14,213,11,11,11,16,41,10,12,11,21,14,10,12,10,11,21,22,11,18,24,12,14,154,11,11,28,11,12,18,11,11,11,12,11,11,12,37,22,12,13,10,9,16,23,18,21,12,12,9,23,12,12,12,23,9,14,12,11,17,8,11,14,16,12,10,13,10,28,17,12,10,11,10,12,12,15,12,11,91,18,12,12,13,15,14,12,11,23,11,13,11,11,10,15,0,12,12,12,12,23,9,9,11,10,11,22,14,19,12,14,10,17,24,12,12,17,23,12,12,19,12,12,12,19,12,12,12,12,13,9,19,10,12,22,12,10,10,14,14,10,11,12,12
29,11,13,29,21,8,11,9,13,11,11,9,13,10,9,8,195,76,13,11,12,12,10,13,9,21,10,14,20,29,11,14,14,15,11,10,15,12,12,14,20,14,12,11,13,14,10,210,18,24,11,20,144,29,13,8,187,8,78,12,12,12,13,13,18,12,14,10,11,8,14,11,12,11,18,10,9,9,18,9,29,11,9,11,11,9,14,14,12,9,164,16,16,12,10,11,8,11,12,11,14,11,11,8,14,100,11,11,13,18,12,9,13,11,10,14,18,11,10,12,10,14,14,12,12,0,15,13,8,11,20,14,14,12,15,17,20,9,12,16,13,12,14,14,12,12,12,12,11,12,13,9,11,12,12,9,12,11,14,12,9,10,29,17,11,8,54,9,20,11,12,9,9
8,13,13,8,21,11,9,10,10,12,9,11,13,8,12,11,18,76,15,12,12,9,13,15,20,9,10,12,20,8,11,9,12,234,16,16,14,17,12,12,201,9,9,10,9,10,8,18,18,24,10,20,144,11,10,15,24,17,18,18,11,16,15,11,18,9,12,8,11,14,12,8,16,12,18,14,14,11,18,12,12,8,12,12,8,14,9,12,12,11,18,12,16,17,14,10,17,15,12,9,9,168,10,17,15,24,15,212,11,18,15,15,13,15,20,13,18,12,12,12,18,9,8,27,12,15,0,15,12,12,245,11,12,11,245,9,20,12,10,12,25,8,13,15,17,12,9,9,13,10,15,12,9,12,12,15,16,15,8,9,12,25,14,8,15,14,18,20,20,11,10,15,15
8,17,13,14,21,18,17,21,143,10,17,19,136,9,9,18,17,66,160,8,21,12,9,215,12,10,9,14,9,14,12,9,14,11,16,10,11,15,11,17,9,14,12,12,287,17,21,14,18,24,9,9,134,144,16,12,13,17,18,15,98,15,259,260,13,12,12,9,18,18,14,15,16,10,18,9,179,74,10,15,14,9,21,10,9,19,12,14,15,19,14,12,19,17,20,13,16,12,11,15,13,11,13,15,12,13,16,11,12,18,12,69,13,11,12,17,13,11,15,21,17,9,13,16,12,13,15,0,17,9,11,21,11,12,11,9,9,21,15,14,11,11,17,17,15,14,9,11,18,21,230,19,19,21,9,19,15,8,18,11,21,20,41,9,18,17,15,9,11,12,10,19,13
11,14,13,20,21,17,12,12,17,13,12,166,17,25,12,17,10,66,17,14,14,13,8,18,12,17,25,14,9,20,12,13,14,17,16,17,18,11,12,214,12,12,13,15,17,279,25,11,18,13,25,9,134,21,14,14,8,11,18,10,21,10,17,17,10,13,12,25,15,12,12,12,16,15,18,9,15,17,11,10,21,12,12,13,12,8,17,14,12,16,10,12,86,11,18,15,13,12,12,12,12,10,15,11,17,9,16,12,12,18,11,14,13,14,12,14,10,13,10,14,10,13,15,9,12,8,12,17,0,13,12,11,12,15,12,9,9,12,14,12,18,12,14,12,12,12,13,13,12,14,17,172,13,14,13,12,17,14,15,13,14,18,21,25,14,136,10,12,9,15,15,12,14
11,14,337,11,23,12,11,13,10,365,10,16,10,12,13,12,9,20,9,15,12,170,17,18,11,23,9,12,11,15,10,305,12,9,15,9,18,10,10,13,12,16,183,9,15,13,12,9,9,364,9,11,67,15,13,12,23,10,23,17,15,9,11,11,8,171,13,12,12,16,16,10,15,237,9,17,15,9,10,132,15,11,12,365,10,17,18,12,19,17,9,13,16,9,17,16,10,12,24,10,16,9,9,10,18,23,16,12,13,23,23,9,215,12,11,12,8,358,90,12,9,299,16,24,23,11,12,9,13,0,12,18,10,12,9,12,12,13,10,19,17,21,12,10,10,19,325,161,27,12,11,14,223,12,17,17,24,11,16,217,12,17,15,12,12,17,17,13,12,12,11,17,12
17,13,19,17,11,9,12,10,10,12,12,16,13,8,12,9,20,12,11,20,12,20,9,11,20,12,16,12,111,17,11,20,12,212,12,12,14,17,12,11,303,9,20,13,9,17,8,20,10,19,12,71,67,11,10,11,13,17,10,18,11,12,11,11,10,22,12,8,11,9,12,8,12,12,10,14,14,16,17,12,17,8,12,12,8,11,15,12,12,11,20,12,16,17,14,8,17,11,12,20,9,146,13,17,15,13,15,263,11,10,15,15,19,15,31,13,10,14,12,12,18,20,9,20,9,20,245,11,12,12,0,9,12,12,223,9,108,12,10,12,25,12,13,12,17,12,9,19,13,10,9,12,9,12,12,15,12,15,9,9,12,25,14,8,15,17,18,20,111,11,10,15,15
13,13,18,13,9,11,13,9,12,18,15,19,12,21,16,11,18,18,14,14,9,17,12,21,29,18,21,9,29,13,9,18,9,15,11,10,16,19,11,17,9,12,17,9,21,17,21,18,9,18,13,29,25,21,13,11,14,19,14,19,10,10,21,21,12,17,17,15,9,12,9,17,11,18,9,11,21,17,9,18,20,13,9,18,13,19,225,12,12,19,19,16,11,19,13,12,13,11,21,15,12,9,9,19,163,14,11,9,17,9,17,17,18,14,29,15,12,18,18,9,19,18,12,15,9,14,11,21,11,18,9,0,11,9,12,15,29,9,15,16,11,21,15,15,18,21,18,17,8,9,21,17,17,9,13,79,10,14,12,17,9,13,20,15,8,16,19,9,29,9,11,95,29
12,13,10,12,11,8,13,13,14,10,13,18,14,12,13,8,21,12,14,11,10,10,13,14,9,17,12,340,9,12,12,10,362,11,11,17,14,18,306,23,9,299,10,11,14,12,12,12,12,10,24,9,15,20,12,18,31,21,13,11,13,13,11,11,12,11,12,24,11,166,303,17,11,12,12,14,20,14,12,12,9,17,13,10,17,9,12,382,218,18,12,11,18,21,14,11,27,18,193,13,299,12,11,18,12,31,14,12,12,13,12,14,13,14,9,13,12,10,13,10,21,10,214,12,11,14,12,11,12,10,12,11,0,11,12,12,12,13,17,12,14,75,13,16,18,155,10,10,11,10,11,18,10,10,11,13,17,14,179,10,13,14,9,12,14,12,21,9,12,11,12,11,14
13,14,12,13,10,200,11,12,12,12,11,9,12,22,11,180,11,15,12,15,12,15,16,12,13,10,22,11,11,13,12,12,11,11,15,22,15,19,99,23,11,11,15,266,18,15,22,12,14,12,21,13,8,13,15,186,13,19,14,10,13,22,9,12,14,15,12,24,331,27,11,11,15,12,14,15,13,12,13,12,13,11,12,12,11,12,12,11,11,10,12,12,9,19,15,154,19,129,99,11,11,11,217,19,12,14,11,12,12,14,15,12,12,12,13,14,14,12,9,12,15,12,57,15,10,12,11,12,15,12,12,9,11,0,11,12,13,12,9,9,15,9,14,18,19,12,15,15,68,12,12,12,15,12,12,12,20,12,113,15,12,15,13,22,88,15,19,13,11,332,24,12,12
9,13,10,9,11,11,8,10,15,9,8,27,15,24,12,11,18,9,11,17,12,10,13,11,12,17,24,12,12,9,11,10,12,329,17,16,14,20,96,23,179,18,10,11,11,12,9,21,13,10,9,9,9,8,9,15,13,17,13,18,11,16,11,11,12,9,12,9,15,9,12,17,8,9,13,14,25,11,9,9,25,8,12,9,17,27,12,12,18,27,18,12,27,17,14,11,17,15,96,8,18,263,11,17,11,13,15,190,9,13,15,15,8,15,12,13,12,9,9,12,18,10,18,27,11,15,245,11,12,9,223,12,12,11,0,11,8,12,17,12,25,10,13,15,17,18,9,9,13,10,11,11,16,12,8,27,16,15,9,9,12,25,14,9,15,14,18,12,10,11,10,27,15
12,11,10,12,22,12,11,11,12,9,9,14,12,262,24,12,14,9,12,24,8,20,11,12,16,18,180,12,15,12,15,11,12,68,14,12,12,12,96,23,9,12,20,12,21,13,232,21,20,10,62,15,9,9,11,12,13,13,17,15,11,12,12,9,20,11,15,261,24,11,12,24,9,9,18,12,25,12,9,12,25,24,8,9,14,9,15,12,12,14,13,10,14,13,12,24,10,12,96,24,12,9,12,12,11,13,12,9,15,18,20,12,12,9,16,11,20,12,12,8,13,11,9,12,22,17,9,9,9,12,9,15,12,12,11,0,16,11,14,8,9,14,11,11,12,12,8,20,10,8,9,9,8,8,11,9,9,11,24,8,10,9,11,245,12,13,15,16,15,12,20,9,9
21,10,10,17,8,13,10,12,22,12,10,14,22,16,71,13,20,13,22,19,17,10,15,22,297,17,16,9,294,17,14,10,9,12,19,12,9,30,35,23,238,16,10,11,9,12,16,20,11,10,9,343,13,17,16,13,10,30,10,11,9,12,13,9,12,12,15,9,13,16,9,19,19,38,10,11,13,22,17,38,17,19,17,38,19,13,8,9,12,13,20,15,13,9,11,16,30,13,35,19,16,11,16,30,9,10,9,57,14,10,12,22,11,12,319,10,8,12,38,17,10,10,16,13,14,20,20,9,9,12,108,29,12,13,8,16,0,17,19,17,11,11,10,17,30,30,17,19,19,17,17,17,17,17,15,13,12,9,16,12,17,11,17,15,13,13,9,248,300,43,43,13,13
11,16,13,12,19,16,16,356,13,13,16,12,13,11,185,16,12,12,14,9,273,13,13,21,35,11,11,13,17,12,12,13,13,12,9,11,12,14,11,19,17,13,13,12,21,19,11,15,12,13,23,17,12,21,10,16,13,14,13,13,14,10,21,21,16,13,11,11,12,13,13,16,9,13,12,12,21,13,8,10,13,16,375,13,16,14,9,13,10,10,15,11,12,15,12,12,14,16,10,17,13,12,12,14,9,13,13,12,11,12,11,13,13,13,28,15,16,13,11,275,15,13,13,12,19,9,12,21,12,13,12,9,13,12,12,11,17,0,16,104,12,9,15,16,14,11,13,13,9,265,21,12,13,284,45,9,11,13,13,13,356,12,12,24,13,11,13,118,17,12,13,9,13
11,213,10,11,12,9,247,28,11,10,233,12,11,14,16,9,11,10,9,198,89,17,21,9,19,11,24,16,17,11,10,12,17,17,82,9,20,12,13,11,17,16,17,9,11,12,14,12,17,12,12,19,14,11,10,10,11,12,11,14,9,11,9,15,17,10,9,14,18,9,16,265,25,9,17,20,9,11,11,11,11,296,81,10,320,10,10,16,15,10,12,9,12,12,20,9,12,11,16,276,16,17,9,12,13,16,11,15,9,10,17,11,9,8,19,13,17,10,11,89,11,12,16,10,12,12,10,15,14,10,10,15,17,9,17,14,19,16,0,9,20,16,27,245,12,16,10,17,11,8,15,14,10,8,21,10,19,11,9,10,17,20,11,24,11,20,14,19,20,18,9,10,9
10,17,19,10,14,9,9,42,9,19,14,12,9,12,13,9,12,10,9,10,149,12,11,9,17,13,22,12,17,10,14,20,12,12,10,19,11,17,12,12,17,11,15,9,11,12,12,12,10,19,22,17,15,12,10,9,16,17,10,17,10,19,14,11,10,20,32,14,9,14,9,9,13,19,10,17,10,9,10,19,10,9,95,19,9,12,24,12,12,12,12,140,12,17,17,14,17,13,12,14,11,12,9,17,24,16,9,12,15,10,12,9,19,9,17,8,10,19,19,171,9,20,14,10,14,16,12,14,12,19,12,16,12,9,12,8,17,104,9,0,11,12,8,9,17,12,8,11,9,168,9,12,12,188,13,24,19,9,14,11,103,10,10,10,10,10,17,17,17,9,9,24,9
10,21,17,12,10,16,20,12,14,17,20,9,14,12,11,16,15,13,14,12,59,18,16,14,11,10,22,17,13,12,13,17,14,14,12,20,266,18,11,150,14,17,18,15,9,39,9,12,26,17,12,11,12,18,22,16,14,17,26,18,18,20,14,11,11,18,12,12,15,17,17,20,12,17,26,330,18,14,10,17,18,20,51,17,20,9,16,17,24,9,18,13,9,17,317,12,23,16,12,20,17,25,12,18,11,26,16,25,13,26,9,14,17,14,11,23,26,17,8,59,18,17,17,13,10,13,25,11,18,17,25,11,14,15,25,9,11,12,20,11,0,12,23,20,18,12,17,18,16,12,14,9,18,12,12,9,20,16,17,14,12,330,18,12,16,182,18,11,19,15,12,9,14
11,13,13,11,17,16,13,9,16,21,16,22,16,24,11,16,21,60,11,16,59,10,15,16,12,17,22,10,11,11,10,10,10,12,16,18,11,16,108,12,10,10,10,9,11,12,12,21,26,24,9,11,201,11,22,26,14,17,18,11,11,13,11,11,26,19,14,9,11,9,10,13,16,21,26,21,11,16,10,13,11,14,51,21,13,14,21,27,124,22,21,14,22,17,21,9,16,18,282,16,10,10,9,16,21,14,16,12,9,18,12,16,13,9,12,12,26,21,13,59,21,10,10,128,17,12,8,11,12,21,12,21,75,9,10,14,11,9,16,12,12,0,12,13,11,188,19,19,14,12,14,22,19,12,16,14,18,14,9,25,15,15,11,12,14,12,21,12,11,10,11,21,11
25,186,18,25,12,14,135,15,28,12,118,10,28,11,10,14,9,17,28,13,59,9,10,28,15,12,22,13,10,25,12,12,13,13,16,24,23,44,12,21,13,11,9,14,17,14,9,18,13,14,9,14,17,12,22,14,13,27,19,16,12,15,28,17,13,9,12,11,14,11,13,18,16,18,13,23,15,28,12,18,25,55,51,12,13,8,17,13,13,8,16,8,10,16,23,11,143,18,12,51,11,12,14,16,15,10,18,13,12,19,9,28,18,11,15,293,13,12,18,59,16,12,11,17,24,14,13,17,14,12,13,15,13,14,13,11,10,15,27,8,23,12,0,120,27,13,12,9,8,15,28,10,9,15,9,13,14,11,11,11,15,23,15,11,18,21,16,17,17,14,20,13,28
12,306,10,12,9,14,338,16,17,10,324,12,17,12,16,14,11,17,17,93,59,10,12,17,14,11,22,16,17,12,10,12,16,12,13,9,20,12,13,11,17,16,10,11,17,12,12,12,17,12,21,17,17,12,22,9,11,12,11,11,12,15,17,17,17,10,12,21,11,13,16,162,13,11,17,20,12,17,11,15,12,274,51,10,216,10,13,16,15,10,12,9,12,12,20,11,12,9,16,269,16,8,11,12,13,16,14,12,12,10,15,17,9,8,14,102,13,10,15,59,26,12,16,17,12,14,15,17,12,10,12,15,16,18,15,11,17,16,245,9,20,13,120,0,12,13,11,10,14,8,17,12,11,8,21,10,9,9,13,11,12,20,12,12,9,20,12,16,10,11,13,10,17
10,12,10,12,12,19,12,14,22,10,12,19,22,12,9,19,8,21,19,11,59,11,13,19,30,10,22,18,30,12,16,10,18,17,11,10,18,331,18,24,19,10,11,19,15,24,12,9,15,10,11,30,11,16,21,19,12,330,12,201,16,8,19,15,12,9,17,9,19,19,18,12,11,10,15,24,16,22,11,17,16,12,51,10,12,9,10,18,18,9,113,22,19,281,18,19,152,11,18,12,10,16,19,331,10,12,10,17,16,15,12,22,10,13,30,27,12,10,17,59,146,10,19,21,12,12,17,15,12,10,17,18,18,19,17,12,30,14,12,17,18,11,27,12,0,18,10,11,13,14,22,9,11,14,13,10,11,13,19,11,14,18,16,13,10,18,239,30,30,19,12,10,19
11,13,10,11,17,26,13,14,12,19,16,22,11,12,11,26,21,12,11,15,59,10,11,14,9,17,22,65,30,11,12,10,90,12,9,18,11,28,189,12,19,24,10,12,11,12,12,12,26,10,9,30,106,11,22,14,13,62,13,11,9,18,14,14,10,19,14,12,11,9,28,13,9,12,13,12,20,12,12,13,16,13,51,19,13,9,21,107,204,22,12,9,22,13,11,11,28,16,269,16,24,18,12,28,21,13,14,12,12,13,12,11,13,9,9,13,13,19,13,59,21,10,10,34,17,12,12,14,12,19,12,21,155,12,18,12,30,11,16,12,12,188,13,13,18,0,10,10,19,19,19,19,10,19,19,19,18,14,10,10,10,12,11,24,26,12,18,11,12,11,12,21,21
11,11,302,11,23,12,11,13,9,333,10,11,9,9,13,12,9,20,9,15,53,230,16,11,12,23,9,12,17,15,13,306,12,12,15,12,18,10,10,13,17,15,243,15,22,13,9,12,9,389,9,17,19,22,13,12,23,10,23,15,22,13,11,22,11,231,13,9,15,16,16,10,15,197,9,17,17,9,8,92,15,11,45,332,11,17,18,12,19,17,12,13,8,9,17,15,11,12,10,10,15,9,15,10,18,23,11,9,13,23,83,9,180,11,12,9,11,381,50,53,9,299,15,13,23,12,9,9,13,325,9,18,10,15,9,8,17,13,10,8,17,19,12,11,10,10,0,221,27,12,11,14,263,12,17,17,13,11,15,277,12,17,22,16,12,17,15,13,12,15,12,17,12
18,10,133,18,12,15,10,13,11,169,10,12,11,20,13,15,10,13,10,15,53,345,16,10,12,20,12,15,19,18,22,161,15,12,9,13,18,9,11,13,19,15,345,15,22,13,20,10,12,222,12,17,19,22,13,15,12,9,9,9,22,13,10,22,18,280,22,21,15,9,15,17,9,33,12,16,22,11,18,20,10,10,45,168,10,10,10,15,19,10,10,13,12,9,16,15,9,15,15,17,15,9,15,9,18,12,15,19,22,9,208,11,44,10,12,9,12,217,20,53,9,153,13,13,12,12,9,11,13,161,19,17,10,15,9,20,19,13,17,11,18,19,9,10,11,10,221,0,15,12,11,12,201,12,17,20,13,15,13,277,12,16,22,16,15,13,9,13,12,15,12,20,11
12,14,48,12,12,170,14,9,13,27,9,8,65,22,9,166,11,10,11,11,53,48,11,8,13,28,22,9,19,12,13,48,10,13,11,9,12,13,12,12,19,22,48,15,18,17,22,11,24,48,21,17,14,18,10,171,15,13,15,24,18,9,8,18,12,27,10,21,104,22,9,11,18,13,16,16,18,13,12,13,10,14,45,27,11,8,8,9,11,8,11,10,8,13,16,22,26,216,14,9,22,13,22,13,18,8,241,19,13,15,11,56,44,127,13,26,24,27,13,53,24,48,22,11,12,11,13,18,12,27,13,8,11,68,13,10,19,9,11,9,16,14,8,14,13,19,27,15,0,14,8,11,11,14,18,8,9,215,22,11,9,16,18,21,298,58,11,13,9,76,24,8,116
11,8,44,12,19,16,8,200,9,12,8,10,9,8,14,16,12,12,10,10,307,20,10,21,17,13,8,10,17,12,13,20,10,12,10,11,12,14,10,19,17,10,20,12,21,19,8,12,12,44,23,17,12,21,10,16,14,14,15,9,10,20,21,21,10,12,10,21,12,9,10,17,10,11,12,12,13,9,8,11,13,8,253,12,17,14,16,10,10,12,12,9,10,13,12,12,14,16,10,8,10,10,12,14,21,13,14,10,15,15,12,9,44,9,17,15,10,12,11,326,9,21,9,12,19,12,10,21,14,12,10,9,10,12,10,8,17,265,8,168,12,12,15,8,14,19,12,12,14,0,21,10,12,326,13,21,11,9,12,12,260,12,12,21,14,11,9,17,17,12,12,21,9
9,17,31,14,12,12,17,21,272,10,17,19,265,9,9,12,17,16,289,9,53,10,10,344,13,10,9,14,17,14,12,11,14,12,11,10,9,22,17,17,17,14,10,12,219,17,9,12,14,31,20,17,14,76,16,12,13,19,13,22,30,29,308,192,10,11,12,9,12,18,14,11,12,10,14,14,111,203,12,10,14,11,45,10,11,19,12,14,11,19,22,12,19,19,20,12,28,12,17,15,14,11,12,22,15,13,10,11,12,14,10,198,31,104,13,28,10,11,10,53,22,11,12,16,12,13,15,230,17,11,9,21,11,12,11,9,17,21,15,9,14,14,28,17,22,19,11,11,8,21,0,19,19,21,12,19,29,85,18,10,21,14,14,12,14,17,22,9,13,12,12,19,142
15,10,31,15,12,14,12,12,19,14,19,353,19,9,12,14,10,10,19,14,53,12,27,19,17,17,11,18,17,31,13,11,18,16,14,17,9,9,11,100,17,18,12,12,19,165,9,10,9,31,11,17,22,31,11,12,9,9,9,19,31,15,19,19,10,12,12,14,12,18,18,14,14,14,9,9,21,8,11,15,21,12,45,14,12,132,27,18,10,178,19,12,273,9,27,12,13,12,22,12,18,11,12,9,27,9,8,12,13,9,12,8,31,11,17,10,10,14,15,53,19,11,18,10,12,9,12,19,172,14,12,17,18,12,11,9,17,12,14,12,9,22,10,12,9,19,14,12,11,10,19,0,14,14,11,73,56,11,18,14,10,27,21,11,11,22,10,12,13,14,12,88,8
11,11,196,11,12,11,11,13,8,231,10,96,10,8,13,11,9,13,19,15,53,210,17,19,17,12,9,15,17,31,13,224,15,12,15,12,18,11,11,13,17,15,223,15,15,13,8,9,9,263,11,17,19,31,13,12,16,10,9,15,31,13,19,19,10,211,13,14,12,15,15,10,15,95,9,18,15,8,8,20,10,11,45,230,11,96,17,15,19,96,9,13,96,9,10,15,11,12,24,10,15,16,15,11,10,16,11,9,13,9,63,8,74,11,17,9,10,263,20,53,9,216,15,13,12,11,9,19,13,223,9,17,10,15,16,8,17,13,10,12,18,19,9,11,11,10,263,201,11,12,19,14,0,12,17,17,13,11,15,257,12,18,15,11,11,13,15,13,12,15,12,17,11
11,8,22,12,19,16,8,223,9,12,8,10,9,8,33,16,12,12,10,10,319,15,13,21,17,13,8,10,17,12,13,12,10,12,10,11,12,14,10,19,17,10,15,12,21,19,8,12,16,22,23,17,12,21,10,16,14,14,13,9,10,17,21,21,10,12,15,8,12,9,10,17,10,11,16,12,13,9,8,11,13,8,276,12,17,14,16,10,10,12,12,16,10,13,12,12,14,16,10,8,10,12,12,14,21,13,12,12,15,12,12,9,22,9,17,15,10,12,11,343,9,12,9,12,19,12,12,21,14,12,12,9,10,12,12,8,17,284,8,188,12,12,15,8,14,19,12,12,14,326,21,14,12,0,13,21,11,9,12,12,283,12,13,13,14,11,9,17,17,12,12,21,9
12,21,22,12,12,18,21,13,20,17,21,14,20,11,33,18,10,10,12,89,53,17,212,12,15,12,11,15,15,12,12,17,11,12,88,15,12,13,17,14,15,11,17,12,20,14,11,12,15,22,11,15,16,14,10,18,10,13,15,13,14,11,12,9,15,17,12,11,16,15,15,12,187,12,15,12,14,12,20,12,14,21,45,17,15,8,11,15,17,8,12,13,14,13,54,9,15,18,17,21,11,17,9,13,8,15,18,12,11,15,9,12,22,11,15,15,15,17,11,53,11,17,11,16,12,12,12,9,13,17,12,13,11,12,8,11,15,45,21,13,12,16,9,21,13,19,17,17,18,13,12,11,17,13,0,14,11,18,13,17,13,37,14,11,18,12,13,15,15,8,20,14,15
12,13,20,12,12,12,10,21,19,17,17,129,19,9,9,12,12,13,19,9,53,20,10,19,13,9,10,13,13,10,20,17,13,27,9,9,9,19,13,11,17,25,17,12,19,11,9,11,15,20,13,13,14,11,13,12,14,19,14,19,11,11,19,19,10,20,11,9,12,12,13,9,14,17,14,11,20,15,10,12,20,10,45,17,10,216,260,13,13,188,19,24,88,19,10,10,10,12,13,10,25,27,10,19,299,14,8,15,13,14,10,15,20,15,13,13,10,17,13,53,19,17,9,13,12,9,15,19,12,17,15,79,13,12,27,9,13,9,10,24,9,14,13,10,10,19,17,20,8,21,19,73,17,21,14,0,33,15,12,17,9,11,11,9,12,33,19,13,13,12,10,371,33
15,9,32,15,11,9,9,11,29,24,14,17,29,9,10,9,12,14,29,19,53,15,11,29,11,85,9,13,12,15,14,13,13,16,15,189,20,8,17,10,17,13,13,10,15,17,9,12,8,20,12,12,19,15,13,22,9,15,9,9,15,242,29,15,10,13,14,14,10,10,13,9,10,24,8,20,15,29,15,91,10,9,45,24,9,11,9,13,17,15,12,19,17,15,20,10,27,9,18,19,13,16,10,11,9,9,11,16,14,8,15,29,114,9,11,27,10,24,138,53,9,13,10,18,12,12,16,15,17,24,12,10,17,20,16,9,12,11,19,19,20,18,14,9,11,18,13,13,9,11,29,56,13,11,11,33,0,11,10,13,11,20,15,11,9,10,12,10,12,9,12,9,9
19,9,14,11,9,87,9,13,193,11,14,8,245,11,13,83,11,12,123,11,40,15,11,134,12,28,9,14,9,11,13,11,14,15,11,12,12,13,9,14,15,22,15,12,8,17,11,11,44,11,11,12,15,14,10,88,15,13,19,13,14,9,34,12,24,11,10,12,21,22,14,11,18,11,14,16,14,171,24,15,14,9,32,11,11,11,15,14,17,8,11,10,8,13,16,15,26,133,18,14,22,15,15,13,15,19,312,15,13,19,15,236,14,308,12,26,24,11,11,40,13,11,14,16,12,11,15,8,14,11,15,14,14,12,15,11,9,13,11,9,16,14,11,9,13,14,11,15,215,9,85,11,11,9,18,15,11,0,22,11,13,16,14,11,325,14,13,12,9,12,24,15,297
12,13,16,12,13,10,13,13,14,16,13,25,14,24,13,10,8,15,14,14,19,9,13,14,16,10,24,194,16,12,13,16,176,10,14,10,17,19,55,17,9,271,9,129,13,16,24,11,28,16,15,16,11,15,15,10,8,19,28,15,15,9,18,18,12,13,15,24,159,319,211,9,15,16,28,17,18,14,16,16,15,9,12,16,9,12,12,195,10,25,14,15,18,19,17,224,12,22,10,9,310,9,195,19,12,28,22,8,15,28,9,14,16,14,16,12,24,15,16,19,15,16,361,14,13,14,8,18,15,16,9,12,179,113,9,24,16,13,9,14,17,9,11,13,19,10,15,13,22,12,18,18,15,12,13,12,10,22,0,15,13,17,15,24,22,17,19,16,16,116,16,11,14
12,11,191,12,12,11,11,13,11,225,10,12,11,11,13,11,9,13,10,15,19,286,16,10,12,12,11,15,12,12,10,219,15,9,15,12,14,10,55,13,12,15,299,15,22,13,11,9,9,280,11,12,25,22,13,11,14,10,9,15,22,13,10,22,12,287,13,11,15,72,15,10,15,89,9,14,22,11,12,20,8,11,12,224,11,17,17,15,19,17,9,13,12,9,14,15,10,11,15,10,15,9,15,10,10,12,11,9,13,9,139,11,69,11,12,9,8,273,20,19,9,211,15,13,9,12,9,11,13,217,9,17,10,15,9,8,12,13,10,11,14,25,11,11,11,10,277,277,11,12,10,14,257,12,17,17,13,11,15,0,12,16,22,16,11,13,9,13,12,15,12,17,11
12,12,17,12,19,16,12,295,13,12,8,10,13,8,106,16,12,12,9,10,272,12,13,21,17,11,8,13,17,12,12,12,13,12,9,11,12,14,55,19,17,13,12,12,21,19,8,9,12,12,23,17,12,21,10,16,13,14,13,13,13,11,21,21,16,12,11,10,12,49,13,12,9,17,12,12,21,13,12,11,13,12,348,12,12,14,9,13,10,12,12,11,10,13,12,12,14,16,10,17,13,12,12,14,9,13,13,12,11,12,11,13,17,13,17,15,16,12,11,274,14,12,13,12,19,9,12,21,14,12,12,9,13,12,12,10,17,356,17,103,12,15,15,12,14,10,12,12,9,260,21,10,12,283,13,9,11,13,13,12,0,12,12,10,13,11,13,39,17,12,12,9,13
9,21,17,12,10,16,20,12,14,17,20,27,14,13,11,16,15,13,14,13,13,16,108,14,11,10,13,17,10,9,13,17,14,14,13,20,266,18,11,151,14,17,16,15,9,40,9,9,26,17,15,11,11,14,17,16,14,18,26,18,14,20,14,20,12,16,12,15,15,17,17,20,13,17,26,364,18,14,9,17,18,20,12,17,13,9,16,17,11,27,18,13,27,18,409,12,23,16,12,20,17,25,12,18,11,26,16,25,13,26,16,14,17,14,11,23,26,17,8,13,18,17,17,13,10,10,25,20,18,17,25,13,14,15,25,9,11,12,20,10,330,15,23,20,18,12,17,16,16,12,14,27,18,12,37,11,20,16,17,16,12,0,14,13,16,183,18,11,19,15,12,9,14
57,12,15,143,12,16,12,13,14,15,12,27,14,16,9,16,9,15,9,13,13,22,14,14,17,11,16,9,17,148,17,15,9,8,9,17,12,16,20,21,17,15,22,13,72,21,11,17,12,17,16,17,12,280,11,18,29,16,29,16,225,15,14,88,13,22,17,16,13,13,9,11,13,15,12,18,230,14,13,15,243,11,13,15,11,11,20,9,11,27,10,18,27,16,14,13,16,20,11,11,15,14,13,16,13,29,14,14,17,13,17,14,15,14,17,15,13,22,15,13,18,15,15,11,12,29,14,41,21,15,14,20,9,13,14,11,17,12,11,10,18,11,15,12,16,11,22,22,18,12,14,21,15,13,14,11,15,14,15,22,12,14,0,20,14,15,16,9,17,13,10,20,20
17,11,12,17,22,22,11,13,12,9,12,27,12,309,24,22,15,20,12,24,13,8,13,12,16,18,248,12,15,17,15,11,12,9,14,18,12,13,24,25,8,12,8,12,9,25,278,15,18,12,131,15,9,16,20,21,18,9,18,15,16,12,12,9,20,16,15,314,21,9,12,14,9,9,18,12,16,12,12,12,16,24,13,9,14,9,21,12,12,27,15,15,27,9,13,24,13,21,24,24,12,9,12,13,21,18,12,8,15,18,11,12,12,14,16,13,20,16,12,13,15,11,9,20,22,17,8,9,25,12,8,15,12,22,9,245,15,24,24,10,12,12,11,12,13,24,16,16,21,21,12,11,11,13,11,9,11,11,24,16,10,13,20,0,21,25,15,9,15,24,20,9,12
19,9,12,19,12,190,9,13,123,12,9,11,175,22,13,186,11,15,52,11,14,15,11,63,13,28,22,14,9,19,13,12,14,15,17,9,12,10,9,14,15,22,15,22,18,17,22,11,24,12,21,13,15,14,10,190,15,10,19,10,14,9,8,18,24,11,13,21,123,22,14,11,18,12,16,16,14,101,24,12,14,9,13,12,11,12,12,14,9,8,11,10,11,10,16,22,26,235,26,9,22,15,22,10,12,19,338,15,13,19,11,166,12,237,13,26,24,12,11,14,11,12,22,16,12,11,15,18,14,12,15,8,14,88,15,12,13,13,11,10,16,14,18,9,10,26,12,15,298,14,14,11,11,14,18,12,9,325,22,11,13,16,14,21,0,14,11,13,11,96,24,12,226
11,21,13,11,10,12,20,11,17,17,20,17,17,25,22,12,14,15,17,20,11,13,12,17,9,10,25,17,11,11,21,13,14,12,17,20,170,18,12,319,17,17,13,15,17,208,25,14,26,13,25,13,15,15,8,77,8,24,26,18,15,10,17,17,11,13,12,25,77,17,17,20,17,17,26,217,15,17,9,17,15,20,11,17,20,11,16,17,12,11,18,13,9,24,169,12,24,77,12,20,17,14,9,18,17,26,14,17,13,26,11,14,10,14,11,21,26,17,10,11,18,13,17,11,10,8,14,17,136,17,17,16,12,15,14,13,13,11,20,10,182,12,21,20,18,12,17,13,58,11,17,22,13,11,12,33,10,14,17,13,11,183,15,25,14,0,24,9,9,15,11,33,14
11,16,9,11,10,10,12,15,22,17,14,19,22,15,9,10,126,21,22,11,9,11,28,22,9,10,15,18,9,11,16,9,18,18,11,14,18,307,18,24,18,14,11,19,15,14,15,182,12,9,15,9,11,16,24,10,12,254,10,338,16,12,15,18,15,9,17,15,10,12,18,12,11,17,10,24,16,22,11,9,11,12,15,17,12,11,19,18,21,11,300,17,19,289,18,19,60,11,18,14,14,18,19,267,19,12,11,18,16,10,12,22,9,13,9,16,15,17,12,9,289,9,19,21,10,54,18,15,10,17,18,19,21,19,18,15,9,13,14,17,18,21,16,12,239,18,15,9,11,9,22,10,15,9,13,19,12,13,19,9,13,18,16,15,11,24,0,9,9,15,19,19,13
21,16,13,21,9,13,16,100,13,13,16,13,13,16,207,13,44,13,22,19,17,13,15,22,301,12,15,9,147,21,14,13,9,12,19,10,11,30,9,9,91,16,13,11,11,12,16,9,13,13,12,233,13,9,9,13,9,30,9,15,9,10,9,9,12,13,14,9,13,16,9,19,19,13,9,11,9,13,9,38,21,19,66,13,19,13,11,9,9,13,9,10,13,9,11,16,30,13,9,19,16,12,16,30,9,9,12,20,14,9,12,13,13,12,294,9,13,13,10,17,9,13,16,13,14,9,20,9,12,13,20,9,9,13,12,16,248,118,19,17,11,12,17,16,30,11,13,13,13,17,9,12,13,17,15,13,10,12,16,13,39,11,9,9,13,9,9,0,153,13,13,13,22
21,10,9,17,11,16,10,12,22,12,10,14,22,15,9,16,44,13,22,20,17,12,15,22,201,12,16,9,297,17,14,9,9,8,19,10,9,30,12,9,241,16,12,11,9,9,15,20,9,12,9,263,13,17,16,14,10,30,10,9,9,10,13,15,12,12,15,15,9,16,9,19,19,38,10,19,13,22,17,38,17,19,17,38,19,13,8,9,12,13,20,15,13,9,19,16,30,9,12,20,16,10,16,30,11,10,11,60,14,10,12,22,11,13,223,10,8,12,38,17,9,9,16,13,14,20,20,11,9,12,111,29,12,11,10,15,300,17,20,17,19,11,17,10,30,12,12,12,9,17,13,13,12,17,15,13,12,9,16,12,17,19,17,15,11,9,9,153,0,11,11,13,13
13,14,12,13,10,208,11,12,12,12,11,9,12,22,9,188,44,10,12,15,12,15,16,12,13,10,22,11,43,13,12,15,11,11,15,22,15,19,11,15,43,11,15,269,18,15,22,11,14,12,21,43,10,13,15,194,11,19,14,10,13,22,9,12,14,15,12,24,342,30,11,11,15,12,14,15,13,12,13,12,13,11,12,12,11,12,12,11,11,10,11,12,9,19,15,157,19,137,11,11,11,11,220,19,12,14,19,11,12,14,15,12,12,12,13,14,14,12,10,12,15,15,60,15,10,11,11,12,15,12,11,9,11,332,11,12,43,12,18,9,15,10,14,11,19,11,15,15,76,12,12,14,15,12,8,12,9,12,116,15,12,15,13,24,96,15,15,13,11,0,24,12,12
30,13,8,23,11,24,13,12,24,12,13,14,24,20,13,24,44,15,12,12,12,12,20,12,13,11,20,12,43,37,13,8,12,13,14,10,12,12,12,11,43,12,12,24,10,15,20,12,161,8,12,43,14,13,15,24,17,19,18,15,13,10,12,10,267,12,11,20,75,30,12,9,20,19,104,12,13,24,127,8,9,9,12,12,9,9,10,12,12,9,12,9,14,19,12,24,12,24,12,9,12,10,24,12,10,28,24,10,13,18,12,24,8,24,13,20,231,12,10,12,12,8,16,15,11,12,10,10,15,11,10,11,12,24,10,20,43,13,9,9,12,11,20,13,12,12,12,12,24,12,12,12,12,12,20,10,12,24,16,12,12,12,10,20,24,11,19,13,11,24,0,10,24
12,13,17,12,12,12,10,21,19,17,17,144,19,9,9,12,24,13,19,9,21,20,8,19,13,9,10,13,13,10,20,17,13,27,9,9,9,19,11,11,15,25,17,12,19,11,9,11,15,17,13,13,21,11,13,12,14,19,14,19,11,11,19,19,10,20,11,9,12,12,13,9,14,17,14,11,20,15,10,12,20,10,21,17,10,231,276,13,11,203,19,24,103,19,9,10,10,12,21,10,25,27,10,19,314,14,8,15,13,14,10,15,17,15,13,13,10,17,12,21,19,17,11,13,12,9,15,19,12,17,15,95,11,12,27,9,13,9,10,24,9,21,13,10,10,21,17,20,8,21,19,88,17,21,14,371,9,15,11,17,9,9,20,9,12,33,19,13,13,12,10,0,15
19,13,14,9,9,12,17,13,250,12,9,8,302,9,13,12,24,12,180,9,9,10,12,191,22,9,9,14,13,9,12,11,14,15,11,28,12,13,11,14,15,14,10,12,10,17,9,9,14,12,9,13,15,14,8,12,11,19,19,13,14,9,91,12,24,11,12,12,12,14,14,11,12,12,14,14,20,228,24,15,20,17,13,15,11,11,15,14,11,11,10,12,20,19,12,15,28,34,21,9,14,15,15,13,48,19,213,15,12,19,10,293,14,316,22,28,24,12,15,9,13,11,14,16,12,9,15,13,14,12,15,29,14,12,15,9,13,13,9,9,14,11,28,17,19,21,12,11,116,9,142,8,11,9,15,33,9,297,14,11,13,14,20,12,226,14,13,22,13,12,24,15,0
